state_index,bombs_0,bombs_1,bombs_2,bombs_3,bombs_4,bombs_5,bombs_6,bombs_7,bombs_8,bombs_9,coins_0,coins_1,coins_2,coins_3,coins_4,coins_5,coins_6,coins_7,coins_8,coins_9,tiles_0,tiles_1,tiles_10,tiles_11,tiles_12,tiles_13,tiles_14,tiles_15,tiles_16,tiles_17,tiles_18,tiles_19,tiles_2,tiles_20,tiles_21,tiles_22,tiles_23,tiles_24,tiles_3,tiles_4,tiles_5,tiles_6,tiles_7,tiles_8,tiles_9
0,1,1,1,1,2,1,2,0,3,0,4,6,6,6,3,4,5,6,2,8,0,0,0,0,0,0,0,0,0,0,0,0,0,0,0,0,0,0,0,0,0,0,0,0,0
1,1,1,1,1,2,1,2,0,3,0,4,6,6,6,3,4,5,6,2,8,0,0,0,0,0,0,0,0,0,0,0,0,0,0,0,0,0,1,0,0,0,0,0,0,0
2,1,1,1,1,2,1,2,0,3,0,4,6,6,6,3,4,5,6,2,8,1,0,0,0,0,0,0,0,0,0,0,0,0,0,0,0,0,1,0,0,0,0,0,0,0
3,1,1,1,1,2,1,2,0,3,0,4,6,6,6,3,4,5,6,2,8,1,0,0,0,0,0,1,0,0,0,0,0,0,0,0,0,0,1,0,0,0,0,0,0,0
4,1,1,1,1,2,1,2,0,3,0,4,6,6,6,3,4,5,6,2,8,1,0,0,0,0,0,1,0,0,0,0,0,0,0,0,0,0,1,1,0,0,0,0,0,0
5,1,1,1,1,2,1,2,0,3,0,4,6,6,6,3,4,5,6,2,8,1,0,0,0,0,0,1,0,0,0,0,0,1,0,0,0,0,1,1,0,0,0,0,0,0
6,1,1,1,1,2,1,2,0,3,0,4,6,6,6,3,4,5,6,2,8,1,0,1,0,0,0,1,0,0,0,0,0,1,0,0,0,0,1,1,0,0,0,0,0,0
7,1,1,1,1,2,1,2,0,3,0,4,6,6,6,3,4,5,6,2,8,1,0,1,0,0,0,1,0,0,0,0,0,1,1,0,0,0,1,1,0,0,0,0,0,0
8,1,1,1,1,2,1,2,0,3,0,4,6,6,6,3,4,5,6,2,8,1,0,1,1,0,0,1,0,0,0,0,0,1,1,0,0,0,1,1,0,0,0,0,0,0
9,1,1,1,1,2,1,2,0,3,0,4,6,6,6,3,4,5,6,2,8,1,0,1,1,0,0,1,0,0,0,0,0,1,1,0,0,0,1,1,1,0,0,0,0,0
10,1,1,1,1,2,1,2,0,3,0,4,6,6,6,3,4,5,6,2,8,1,0,1,1,0,0,1,0,0,0,0,0,1,1,0,0,0,1,1,1,1,0,0,0,0
11,1,1,1,1,2,1,2,0,3,0,4,6,6,6,3,4,5,6,2,8,1,0,1,1,0,1,1,0,0,0,0,0,1,1,0,0,0,1,1,1,1,0,0,0,0
12,1,1,1,1,2,1,2,0,3,0,4,6,6,6,3,4,5,6,2,8,1,0,1,1,0,1,1,0,0,0,0,0,1,1,0,1,0,1,1,1,1,0,0,0,0
13,1,1,1,1,2,1,2,0,3,0,4,6,6,6,3,4,5,6,2,8,1,0,1,1,0,1,1,0,0,0,1,0,1,1,0,1,0,1,1,1,1,0,0,0,0
14,1,1,1,1,2,1,2,0,3,0,4,6,6,6,3,4,5,6,2,8,1,0,1,1,0,1,1,0,1,0,1,0,1,1,0,1,0,1,1,1,1,0,0,0,0
15,1,1,1,1,2,1,2,0,3,0,4,6,6,6,3,4,5,6,2,8,1,0,1,1,2,1,1,0,1,0,1,0,1,1,0,1,0,1,1,1,1,0,0,0,0
16,1,1,1,1,2,1,2,0,3,0,4,6,6,6,3,4,5,6,2,8,1,0,1,1,2,1,1,0,1,0,1,0,1,1,0,1,0,1,1,1,1,0,2,0,0
17,1,1,1,1,2,1,2,0,3,0,4,6,6,6,3,4,5,6,2,8,1,0,1,1,2,1,1,0,1,0,1,0,1,1,2,1,0,1,1,1,1,0,2,0,0
18,1,1,1,1,2,1,2,0,3,0,4,6,6,6,3,4,5,6,2,8,1,0,1,1,2,1,1,0,1,0,1,0,1,1,2,1,0,1,1,1,1,2,2,0,0
19,1,1,1,1,2,1,2,0,3,0,4,6,6,6,3,4,5,6,2,8,1,0,1,1,2,1,1,0,1,0,1,0,1,1,2,1,3,1,1,1,1,2,2,0,0
20,1,1,1,1,2,1,2,0,3,0,4,6,6,6,3,4,5,6,2,8,1,4,1,1,2,1,1,4,1,4,1,4,1,1,2,1,3,1,1,1,1,2,2,4,4
21,2,2,1,1,1,1,1,2,1,2,5,4,4,6,6,6,7,3,4,5,0,0,0,0,0,0,0,0,0,0,0,0,0,0,0,0,0,0,0,0,0,0,0,0,0
22,2,2,1,1,1,1,1,2,1,2,5,4,4,6,6,6,7,3,4,5,0,0,0,0,0,0,0,0,0,0,0,0,0,0,0,0,0,1,0,0,0,0,0,0,0
23,2,2,1,1,1,1,1,2,1,2,5,4,4,6,6,6,7,3,4,5,0,0,0,0,0,0,1,0,0,0,0,0,0,0,0,0,0,1,0,0,0,0,0,0,0
24,2,2,1,1,1,1,1,2,1,2,5,4,4,6,6,6,7,3,4,5,0,0,1,0,0,0,1,0,0,0,0,0,0,0,0,0,0,1,0,0,0,0,0,0,0
25,2,2,1,1,1,1,1,2,1,2,5,4,4,6,6,6,7,3,4,5,0,0,1,0,0,0,1,0,0,0,1,0,0,0,0,0,0,1,0,0,0,0,0,0,0
26,2,2,1,1,1,1,1,2,1,2,5,4,4,6,6,6,7,3,4,5,1,0,1,0,0,0,1,0,0,0,1,0,0,0,0,0,0,1,0,0,0,0,0,0,0
27,2,2,1,1,1,1,1,2,1,2,5,4,4,6,6,6,7,3,4,5,1,1,1,0,0,0,1,0,0,0,1,0,0,0,0,0,0,1,0,0,0,0,0,0,0
28,2,2,1,1,1,1,1,2,1,2,5,4,4,6,6,6,7,3,4,5,1,1,1,0,0,0,1,0,0,0,1,0,1,0,0,0,0,1,0,0,0,0,0,0,0
29,2,2,1,1,1,1,1,2,1,2,5,4,4,6,6,6,7,3,4,5,1,1,1,0,0,0,1,0,0,1,1,0,1,0,0,0,0,1,0,0,0,0,0,0,0
30,2,2,1,1,1,1,1,2,1,2,5,4,4,6,6,6,7,3,4,5,1,1,1,0,1,0,1,0,0,1,1,0,1,0,0,0,0,1,0,0,0,0,0,0,0
31,2,2,1,1,1,1,1,2,1,2,5,4,4,6,6,6,7,3,4,5,1,1,1,0,1,0,1,0,0,1,1,1,1,0,0,0,0,1,0,0,0,0,0,0,0
32,2,2,1,1,1,1,1,2,1,2,5,4,4,6,6,6,7,3,4,5,1,1,1,0,1,0,1,0,0,1,1,1,1,0,0,0,0,1,0,0,0,0,0,1,0
33,2,2,1,1,1,1,1,2,1,2,5,4,4,6,6,6,7,3,4,5,1,1,1,0,1,0,1,0,1,1,1,1,1,0,0,0,0,1,0,0,0,0,0,1,0
34,2,2,1,1,1,1,1,2,1,2,5,4,4,6,6,6,7,3,4,5,1,1,1,0,1,0,1,0,1,1,1,1,1,0,0,0,0,1,0,0,0,0,1,1,0
35,2,2,1,1,1,1,1,2,1,2,5,4,4,6,6,6,7,3,4,5,1,1,1,0,1,0,1,0,1,1,1,1,1,0,0,0,1,1,0,0,0,0,1,1,0
36,2,2,1,1,1,1,1,2,1,2,5,4,4,6,6,6,7,3,4,5,1,1,1,0,1,0,1,0,1,1,1,1,1,0,0,0,1,1,0,0,0,2,1,1,0
37,2,2,1,1,1,1,1,2,1,2,5,4,4,6,6,6,7,3,4,5,1,1,1,0,1,0,1,0,1,1,1,1,1,3,0,0,1,1,0,0,0,2,1,1,0
38,2,2,1,1,1,1,1,2,1,2,5,4,4,6,6,6,7,3,4,5,1,1,1,0,1,0,1,0,1,1,1,1,1,3,0,0,1,1,0,0,0,2,1,1,3
39,2,2,1,1,1,1,1,2,1,2,5,4,4,6,6,6,7,3,4,5,1,1,1,0,1,0,1,0,1,1,1,1,1,3,0,0,1,1,3,0,0,2,1,1,3
40,2,2,1,1,1,1,1,2,1,2,5,4,4,6,6,6,7,3,4,5,1,1,1,4,1,4,1,4,1,1,1,1,1,3,4,4,1,1,3,4,4,2,1,1,3
41,3,0,1,3,1,2,3,1,1,1,4,6,6,2,7,4,3,5,7,6,0,0,0,0,0,0,0,0,0,0,0,0,0,0,0,0,0,0,0,0,0,0,0,0,0
42,3,0,1,3,1,2,3,1,1,1,4,6,6,2,7,4,3,5,7,6,0,0,0,1,0,0,0,0,0,0,0,0,0,0,0,0,0,0,0,0,0,0,0,0,0
43,3,0,1,3,1,2,3,1,1,1,4,6,6,2,7,4,3,5,7,6,0,0,1,1,0,0,0,0,0,0,0,0,0,0,0,0,0,0,0,0,0,0,0,0,0
44,3,0,1,3,1,2,3,1,1,1,4,6,6,2,7,4,3,5,7,6,0,0,1,1,0,0,0,0,0,0,1,0,0,0,0,0,0,0,0,0,0,0,0,0,0
45,3,0,1,3,1,2,3,1,1,1,4,6,6,2,7,4,3,5,7,6,0,0,1,1,0,0,0,0,0,0,1,0,0,0,0,0,0,0,0,0,0,1,0,0,0
46,3,0,1,3,1,2,3,1,1,1,4,6,6,2,7,4,3,5,7,6,0,0,1,1,0,0,0,0,0,0,1,0,1,0,0,0,0,0,0,0,0,1,0,0,0
47,3,0,1,3,1,2,3,1,1,1,4,6,6,2,7,4,3,5,7,6,0,0,1,1,0,0,1,0,0,0,1,0,1,0,0,0,0,0,0,0,0,1,0,0,0
48,3,0,1,3,1,2,3,1,1,1,4,6,6,2,7,4,3,5,7,6,0,0,1,1,0,0,1,0,1,0,1,0,1,0,0,0,0,0,0,0,0,1,0,0,0
49,3,0,1,3,1,2,3,1,1,1,4,6,6,2,7,4,3,5,7,6,0,0,1,1,0,0,1,0,1,0,1,0,1,0,0,0,0,0,0,1,0,1,0,0,0
50,3,0,1,3,1,2,3,1,1,1,4,6,6,2,7,4,3,5,7,6,0,0,1,1,0,0,1,0,1,0,1,0,1,0,0,0,1,0,0,1,0,1,0,0,0
51,3,0,1,3,1,2,3,1,1,1,4,6,6,2,7,4,3,5,7,6,0,0,1,1,0,0,1,0,1,0,1,0,1,0,0,1,1,0,0,1,0,1,0,0,0
52,3,0,1,3,1,2,3,1,1,1,4,6,6,2,7,4,3,5,7,6,0,0,1,1,0,0,1,0,1,0,1,0,1,0,1,1,1,0,0,1,0,1,0,0,0
53,3,0,1,3,1,2,3,1,1,1,4,6,6,2,7,4,3,5,7,6,0,0,1,1,0,0,1,0,1,0,1,0,1,0,1,1,1,0,0,1,0,1,0,0,2
54,3,0,1,3,1,2,3,1,1,1,4,6,6,2,7,4,3,5,7,6,0,2,1,1,0,0,1,0,1,0,1,0,1,0,1,1,1,0,0,1,0,1,0,0,2
55,3,0,1,3,1,2,3,1,1,1,4,6,6,2,7,4,3,5,7,6,0,2,1,1,0,0,1,0,1,2,1,0,1,0,1,1,1,0,0,1,0,1,0,0,2
56,3,0,1,3,1,2,3,1,1,1,4,6,6,2,7,4,3,5,7,6,0,2,1,1,2,0,1,0,1,2,1,0,1,0,1,1,1,0,0,1,0,1,0,0,2
57,3,0,1,3,1,2,3,1,1,1,4,6,6,2,7,4,3,5,7,6,0,2,1,1,2,0,1,0,1,2,1,0,1,3,1,1,1,0,0,1,0,1,0,0,2
58,3,0,1,3,1,2,3,1,1,1,4,6,6,2,7,4,3,5,7,6,0,2,1,1,2,0,1,0,1,2,1,3,1,3,1,1,1,0,0,1,0,1,0,0,2
59,3,0,1,3,1,2,3,1,1,1,4,6,6,2,7,4,3,5,7,6,4,2,1,1,2,4,1,4,1,2,1,3,1,3,1,1,1,4,4,1,4,1,4,4,2
60,3,1,2,2,2,2,4,1,1,2,4,8,3,4,6,6,1,8,5,5,0,0,0,0,0,0,0,0,0,0,0,0,0,0,0,0,0,0,0,0,0,0,0,0,0
61,3,1,2,2,2,2,4,1,1,2,4,8,3,4,6,6,1,8,5,5,0,0,0,0,0,1,0,0,0,0,0,0,0,0,0,0,0,0,0,0,0,0,0,0,0
62,3,1,2,2,2,2,4,1,1,2,4,8,3,4,6,6,1,8,5,5,0,0,0,0,0,1,0,0,0,0,1,0,0,0,0,0,0,0,0,0,0,0,0,0,0
63,3,1,2,2,2,2,4,1,1,2,4,8,3,4,6,6,1,8,5,5,0,0,0,0,0,1,0,0,0,1,1,0,0,0,0,0,0,0,0,0,0,0,0,0,0
64,3,1,2,2,2,2,4,1,1,2,4,8,3,4,6,6,1,8,5,5,0,0,0,0,0,1,0,0,0,1,1,0,0,0,0,0,0,0,0,1,0,0,0,0,0
65,3,1,2,2,2,2,4,1,1,2,4,8,3,4,6,6,1,8,5,5,0,0,0,0,1,1,0,0,0,1,1,0,0,0,0,0,0,0,0,1,0,0,0,0,0
66,3,1,2,2,2,2,4,1,1,2,4,8,3,4,6,6,1,8,5,5,0,0,0,0,1,1,0,0,1,1,1,0,0,0,0,0,0,0,0,1,0,0,0,0,0
67,3,1,2,2,2,2,4,1,1,2,4,8,3,4,6,6,1,8,5,5,0,0,0,0,1,1,0,0,1,1,1,0,0,0,0,0,0,0,0,1,1,0,0,0,0
68,3,1,2,2,2,2,4,1,1,2,4,8,3,4,6,6,1,8,5,5,0,0,0,0,1,1,0,0,1,1,1,0,0,0,0,1,0,0,0,1,1,0,0,0,0
69,3,1,2,2,2,2,4,1,1,2,4,8,3,4,6,6,1,8,5,5,0,0,0,0,1,1,0,0,1,1,1,0,0,0,1,1,0,0,0,1,1,0,0,0,0
70,3,1,2,2,2,2,4,1,1,2,4,8,3,4,6,6,1,8,5,5,0,0,0,0,1,1,0,0,1,1,1,0,0,0,1,1,0,0,2,1,1,0,0,0,0
71,3,1,2,2,2,2,4,1,1,2,4,8,3,4,6,6,1,8,5,5,0,0,0,0,1,1,0,0,1,1,1,2,0,0,1,1,0,0,2,1,1,0,0,0,0
72,3,1,2,2,2,2,4,1,1,2,4,8,3,4,6,6,1,8,5,5,0,3,0,0,1,1,0,0,1,1,1,2,0,0,1,1,0,0,2,1,1,0,0,0,0
73,3,1,2,2,2,2,4,1,1,2,4,8,3,4,6,6,1,8,5,5,0,3,0,3,1,1,0,0,1,1,1,2,0,0,1,1,0,0,2,1,1,0,0,0,0
74,3,1,2,2,2,2,4,1,1,2,4,8,3,4,6,6,1,8,5,5,0,3,0,3,1,1,3,0,1,1,1,2,0,0,1,1,0,0,2,1,1,0,0,0,0
75,3,1,2,2,2,2,4,1,1,2,4,8,3,4,6,6,1,8,5,5,0,3,0,3,1,1,3,0,1,1,1,2,0,3,1,1,0,0,2,1,1,0,0,0,0
76,3,1,2,2,2,2,4,1,1,2,4,8,3,4,6,6,1,8,5,5,4,3,4,3,1,1,3,4,1,1,1,2,4,3,1,1,4,4,2,1,1,4,4,4,4
77,1,2,4,2,1,2,3,2,1,2,8,4,3,3,7,6,4,5,4,6,0,0,0,0,0,0,0,0,0,0,0,0,0,0,0,0,0,0,0,0,0,0,0,0,0
78,1,2,4,2,1,2,3,2,1,2,8,4,3,3,7,6,4,5,4,6,0,0,0,0,0,0,0,0,1,0,0,0,0,0,0,0,0,0,0,0,0,0,0,0,0
79,1,2,4,2,1,2,3,2,1,2,8,4,3,3,7,6,4,5,4,6,0,0,0,0,0,0,0,0,1,0,0,1,0,0,0,0,0,0,0,0,0,0,0,0,0
80,1,2,4,2,1,2,3,2,1,2,8,4,3,3,7,6,4,5,4,6,0,0,0,0,0,0,1,0,1,0,0,1,0,0,0,0,0,0,0,0,0,0,0,0,0
81,1,2,4,2,1,2,3,2,1,2,8,4,3,3,7,6,4,5,4,6,0,0,0,0,0,0,1,0,1,0,0,1,0,0,0,0,0,0,1,0,0,0,0,0,0
82,1,2,4,2,1,2,3,2,1,2,8,4,3,3,7,6,4,5,4,6,0,0,0,0,0,0,1,0,1,0,1,1,0,0,0,0,0,0,1,0,0,0,0,0,0
83,1,2,4,2,1,2,3,2,1,2,8,4,3,3,7,6,4,5,4,6,0,0,0,1,0,0,1,0,1,0,1,1,0,0,0,0,0,0,1,0,0,0,0,0,0
84,1,2,4,2,1,2,3,2,1,2,8,4,3,3,7,6,4,5,4,6,0,0,0,1,0,0,1,1,1,0,1,1,0,0,0,0,0,0,1,0,0,0,0,0,0
85,1,2,4,2,1,2,3,2,1,2,8,4,3,3,7,6,4,5,4,6,0,0,0,1,0,0,1,1,1,0,1,1,0,0,0,0,1,0,1,0,0,0,0,0,0
86,1,2,4,2,1,2,3,2,1,2,8,4,3,3,7,6,4,5,4,6,0,0,0,1,0,0,1,1,1,0,1,1,0,0,0,0,1,0,1,0,0,2,0,0,0
87,1,2,4,2,1,2,3,2,1,2,8,4,3,3,7,6,4,5,4,6,0,0,0,1,0,0,1,1,1,0,1,1,0,0,0,0,1,0,1,2,0,2,0,0,0
88,1,2,4,2,1,2,3,2,1,2,8,4,3,3,7,6,4,5,4,6,0,0,0,1,0,0,1,1,1,0,1,1,0,0,0,0,1,0,1,2,2,2,0,0,0
89,1,2,4,2,1,2,3,2,1,2,8,4,3,3,7,6,4,5,4,6,0,0,0,1,0,0,1,1,1,0,1,1,0,2,0,0,1,0,1,2,2,2,0,0,0
90,1,2,4,2,1,2,3,2,1,2,8,4,3,3,7,6,4,5,4,6,0,0,0,1,3,0,1,1,1,0,1,1,0,2,0,0,1,0,1,2,2,2,0,0,0
91,1,2,4,2,1,2,3,2,1,2,8,4,3,3,7,6,4,5,4,6,3,0,0,1,3,0,1,1,1,0,1,1,0,2,0,0,1,0,1,2,2,2,0,0,0
92,1,2,4,2,1,2,3,2,1,2,8,4,3,3,7,6,4,5,4,6,3,0,0,1,3,0,1,1,1,0,1,1,0,2,0,0,1,3,1,2,2,2,0,0,0
93,1,2,4,2,1,2,3,2,1,2,8,4,3,3,7,6,4,5,4,6,3,4,4,1,3,4,1,1,1,4,1,1,4,2,4,4,1,3,1,2,2,2,4,4,4
94,1,1,3,3,2,3,0,3,2,2,9,4,5,5,5,3,9,4,6,6,0,0,0,0,0,0,0,0,0,0,0,0,0,0,0,0,0,0,0,0,0,0,0,0,0
95,1,1,3,3,2,3,0,3,2,2,9,4,5,5,5,3,9,4,6,6,0,0,0,1,0,0,0,0,0,0,0,0,0,0,0,0,0,0,0,0,0,0,0,0,0
96,1,1,3,3,2,3,0,3,2,2,9,4,5,5,5,3,9,4,6,6,0,0,0,1,0,0,0,0,1,0,0,0,0,0,0,0,0,0,0,0,0,0,0,0,0
97,1,1,3,3,2,3,0,3,2,2,9,4,5,5,5,3,9,4,6,6,0,0,0,1,0,0,0,0,1,0,0,0,0,0,0,0,0,0,0,0,0,1,0,0,0
98,1,1,3,3,2,3,0,3,2,2,9,4,5,5,5,3,9,4,6,6,0,0,0,1,0,0,0,0,1,0,0,0,0,0,0,0,0,0,0,1,0,1,0,0,0
99,1,1,3,3,2,3,0,3,2,2,9,4,5,5,5,3,9,4,6,6,0,0,0,1,0,0,0,0,1,0,0,0,0,0,0,0,0,0,0,1,0,1,0,0,1
100,1,1,3,3,2,3,0,3,2,2,9,4,5,5,5,3,9,4,6,6,0,0,0,1,0,0,0,0,1,0,0,0,0,0,1,0,0,0,0,1,0,1,0,0,1
101,1,1,3,3,2,3,0,3,2,2,9,4,5,5,5,3,9,4,6,6,0,0,0,1,0,0,0,0,1,0,0,0,0,0,1,0,2,0,0,1,0,1,0,0,1
102,1,1,3,3,2,3,0,3,2,2,9,4,5,5,5,3,9,4,6,6,0,0,0,1,0,0,0,0,1,0,0,0,0,0,1,0,2,0,0,1,0,1,2,0,1
103,1,1,3,3,2,3,0,3,2,2,9,4,5,5,5,3,9,4,6,6,2,0,0,1,0,0,0,0,1,0,0,0,0,0,1,0,2,0,0,1,0,1,2,0,1
104,1,1,3,3,2,3,0,3,2,2,9,4,5,5,5,3,9,4,6,6,2,0,0,1,0,0,0,2,1,0,0,0,0,0,1,0,2,0,0,1,0,1,2,0,1
105,1,1,3,3,2,3,0,3,2,2,9,4,5,5,5,3,9,4,6,6,2,0,0,1,0,0,0,2,1,0,0,0,0,0,1,0,2,0,0,1,2,1,2,0,1
106,1,1,3,3,2,3,0,3,2,2,9,4,5,5,5,3,9,4,6,6,2,0,0,1,3,0,0,2,1,0,0,0,0,0,1,0,2,0,0,1,2,1,2,0,1
107,1,1,3,3,2,3,0,3,2,2,9,4,5,5,5,3,9,4,6,6,2,0,0,1,3,0,0,2,1,0,0,3,0,0,1,0,2,0,0,1,2,1,2,0,1
108,1,1,3,3,2,3,0,3,2,2,9,4,5,5,5,3,9,4,6,6,2,0,0,1,3,0,0,2,1,0,0,3,0,0,1,0,2,0,0,1,2,1,2,3,1
109,1,1,3,3,2,3,0,3,2,2,9,4,5,5,5,3,9,4,6,6,2,0,0,1,3,0,0,2,1,0,0,3,0,3,1,0,2,0,0,1,2,1,2,3,1
110,1,1,3,3,2,3,0,3,2,2,9,4,5,5,5,3,9,4,6,6,2,4,4,1,3,4,4,2,1,4,4,3,4,3,1,4,2,4,4,1,2,1,2,3,1
111,3,1,3,2,1,3,0,1,4,2,4,7,3,5,9,3,10,7,1,7,0,0,0,0,0,0,0,0,0,0,0,0,0,0,0,0,0,0,0,0,0,0,0,0,0
112,3,1,3,2,1,3,0,1,4,2,4,7,3,5,9,3,10,7,1,7,0,0,0,0,0,1,0,0,0,0,0,0,0,0,0,0,0,0,0,0,0,0,0,0,0
113,3,1,3,2,1,3,0,1,4,2,4,7,3,5,9,3,10,7,1,7,0,0,0,0,0,1,0,0,1,0,0,0,0,0,0,0,0,0,0,0,0,0,0,0,0
114,3,1,3,2,1,3,0,1,4,2,4,7,3,5,9,3,10,7,1,7,0,0,0,0,0,1,0,0,1,0,0,0,0,0,0,0,0,0,1,0,0,0,0,0,0
115,3,1,3,2,1,3,0,1,4,2,4,7,3,5,9,3,10,7,1,7,0,0,0,0,0,1,1,0,1,0,0,0,0,0,0,0,0,0,1,0,0,0,0,0,0
116,3,1,3,2,1,3,0,1,4,2,4,7,3,5,9,3,10,7,1,7,0,0,0,0,0,1,1,0,1,0,0,0,0,0,0,0,0,0,1,0,0,0,1,0,0
117,3,1,3,2,1,3,0,1,4,2,4,7,3,5,9,3,10,7,1,7,0,0,0,0,0,1,1,0,1,0,0,0,0,0,0,0,0,0,1,0,1,0,1,0,0
118,3,1,3,2,1,3,0,1,4,2,4,7,3,5,9,3,10,7,1,7,0,0,0,0,0,1,1,0,1,0,0,0,0,0,2,0,0,0,1,0,1,0,1,0,0
119,3,1,3,2,1,3,0,1,4,2,4,7,3,5,9,3,10,7,1,7,0,0,0,0,0,1,1,0,1,0,0,0,0,0,2,0,0,0,1,0,1,2,1,0,0
120,3,1,3,2,1,3,0,1,4,2,4,7,3,5,9,3,10,7,1,7,0,0,0,0,0,1,1,0,1,0,0,0,0,0,2,2,0,0,1,0,1,2,1,0,0
121,3,1,3,2,1,3,0,1,4,2,4,7,3,5,9,3,10,7,1,7,0,0,0,0,0,1,1,0,1,0,0,0,0,0,2,2,0,0,1,2,1,2,1,0,0
122,3,1,3,2,1,3,0,1,4,2,4,7,3,5,9,3,10,7,1,7,0,0,0,2,0,1,1,0,1,0,0,0,0,0,2,2,0,0,1,2,1,2,1,0,0
123,3,1,3,2,1,3,0,1,4,2,4,7,3,5,9,3,10,7,1,7,0,0,3,2,0,1,1,0,1,0,0,0,0,0,2,2,0,0,1,2,1,2,1,0,0
124,3,1,3,2,1,3,0,1,4,2,4,7,3,5,9,3,10,7,1,7,0,0,3,2,0,1,1,0,1,0,0,0,0,0,2,2,0,0,1,2,1,2,1,3,0
125,3,1,3,2,1,3,0,1,4,2,4,7,3,5,9,3,10,7,1,7,0,0,3,2,0,1,1,0,1,0,0,0,0,0,2,2,0,0,1,2,1,2,1,3,3
126,3,1,3,2,1,3,0,1,4,2,4,7,3,5,9,3,10,7,1,7,0,0,3,2,0,1,1,0,1,0,0,0,0,0,2,2,0,3,1,2,1,2,1,3,3
127,3,1,3,2,1,3,0,1,4,2,4,7,3,5,9,3,10,7,1,7,4,4,3,2,4,1,1,4,1,4,4,4,4,4,2,2,4,3,1,2,1,2,1,3,3
128,2,2,3,2,1,0,2,3,3,2,4,7,4,5,8,11,4,3,5,5,0,0,0,0,0,0,0,0,0,0,0,0,0,0,0,0,0,0,0,0,0,0,0,0,0
129,2,2,3,2,1,0,2,3,3,2,4,7,4,5,8,11,4,3,5,5,0,0,0,0,0,0,0,0,0,0,0,0,0,0,0,0,0,0,0,0,1,0,0,0,0
130,2,2,3,2,1,0,2,3,3,2,4,7,4,5,8,11,4,3,5,5,1,0,0,0,0,0,0,0,0,0,0,0,0,0,0,0,0,0,0,0,1,0,0,0,0
131,2,2,3,2,1,0,2,3,3,2,4,7,4,5,8,11,4,3,5,5,1,0,0,0,0,0,1,0,0,0,0,0,0,0,0,0,0,0,0,0,1,0,0,0,0
132,2,2,3,2,1,0,2,3,3,2,4,7,4,5,8,11,4,3,5,5,1,0,0,0,0,0,1,0,0,0,0,0,0,0,0,0,0,0,0,0,1,0,1,0,0
133,2,2,3,2,1,0,2,3,3,2,4,7,4,5,8,11,4,3,5,5,1,0,0,0,0,0,1,0,0,0,0,0,0,0,0,0,1,0,0,0,1,0,1,0,0
134,2,2,3,2,1,0,2,3,3,2,4,7,4,5,8,11,4,3,5,5,1,2,0,0,0,0,1,0,0,0,0,0,0,0,0,0,1,0,0,0,1,0,1,0,0
135,2,2,3,2,1,0,2,3,3,2,4,7,4,5,8,11,4,3,5,5,1,2,0,0,0,0,1,2,0,0,0,0,0,0,0,0,1,0,0,0,1,0,1,0,0
136,2,2,3,2,1,0,2,3,3,2,4,7,4,5,8,11,4,3,5,5,1,2,0,0,0,0,1,2,0,0,0,0,0,0,0,0,1,0,0,0,1,0,1,0,2
137,2,2,3,2,1,0,2,3,3,2,4,7,4,5,8,11,4,3,5,5,1,2,0,0,0,0,1,2,0,0,0,0,0,0,0,0,1,0,2,0,1,0,1,0,2
138,2,2,3,2,1,0,2,3,3,2,4,7,4,5,8,11,4,3,5,5,1,2,0,0,0,0,1,2,0,0,0,0,0,0,0,0,1,2,2,0,1,0,1,0,2
139,2,2,3,2,1,0,2,3,3,2,4,7,4,5,8,11,4,3,5,5,1,2,0,0,0,2,1,2,0,0,0,0,0,0,0,0,1,2,2,0,1,0,1,0,2
140,2,2,3,2,1,0,2,3,3,2,4,7,4,5,8,11,4,3,5,5,1,2,0,0,0,2,1,2,0,0,0,0,0,0,2,0,1,2,2,0,1,0,1,0,2
141,2,2,3,2,1,0,2,3,3,2,4,7,4,5,8,11,4,3,5,5,1,2,0,0,0,2,1,2,3,0,0,0,0,0,2,0,1,2,2,0,1,0,1,0,2
142,2,2,3,2,1,0,2,3,3,2,4,7,4,5,8,11,4,3,5,5,1,2,0,0,0,2,1,2,3,0,0,0,3,0,2,0,1,2,2,0,1,0,1,0,2
143,2,2,3,2,1,0,2,3,3,2,4,7,4,5,8,11,4,3,5,5,1,2,0,0,0,2,1,2,3,0,0,0,3,0,2,0,1,2,2,3,1,0,1,0,2
144,2,2,3,2,1,0,2,3,3,2,4,7,4,5,8,11,4,3,5,5,1,2,4,4,4,2,1,2,3,4,4,4,3,4,2,4,1,2,2,3,1,4,1,4,2
145,3,0,3,2,2,2,1,2,2,3,3,11,3,7,4,5,6,6,7,4,0,0,0,0,0,0,0,0,0,0,0,0,0,0,0,0,0,0,0,0,0,0,0,0,0
146,3,0,3,2,2,2,1,2,2,3,3,11,3,7,4,5,6,6,7,4,0,0,0,0,0,0,0,0,0,0,0,0,0,0,0,0,0,0,0,1,0,0,0,0,0
147,3,0,3,2,2,2,1,2,2,3,3,11,3,7,4,5,6,6,7,4,0,0,0,0,0,0,0,0,0,0,0,0,0,0,0,0,0,0,0,1,0,0,1,0,0
148,3,0,3,2,2,2,1,2,2,3,3,11,3,7,4,5,6,6,7,4,0,0,0,0,0,0,0,0,0,0,0,0,0,0,0,0,0,0,0,1,0,1,1,0,0
149,3,0,3,2,2,2,1,2,2,3,3,11,3,7,4,5,6,6,7,4,0,0,0,0,0,0,1,0,0,0,0,0,0,0,0,0,0,0,0,1,0,1,1,0,0
150,3,0,3,2,2,2,1,2,2,3,3,11,3,7,4,5,6,6,7,4,1,0,0,0,0,0,1,0,0,0,0,0,0,0,0,0,0,0,0,1,0,1,1,0,0
151,3,0,3,2,2,2,1,2,2,3,3,11,3,7,4,5,6,6,7,4,1,0,0,0,0,0,1,0,0,0,0,0,0,0,0,0,0,0,0,1,0,1,1,2,0
152,3,0,3,2,2,2,1,2,2,3,3,11,3,7,4,5,6,6,7,4,1,0,0,0,0,2,1,0,0,0,0,0,0,0,0,0,0,0,0,1,0,1,1,2,0
153,3,0,3,2,2,2,1,2,2,3,3,11,3,7,4,5,6,6,7,4,1,0,0,0,0,2,1,0,0,0,0,0,0,0,0,0,0,0,0,1,2,1,1,2,0
154,3,0,3,2,2,2,1,2,2,3,3,11,3,7,4,5,6,6,7,4,1,0,0,0,0,2,1,0,0,0,0,0,0,0,0,2,0,0,0,1,2,1,1,2,0
155,3,0,3,2,2,2,1,2,2,3,3,11,3,7,4,5,6,6,7,4,1,0,0,0,0,2,1,0,0,0,0,0,0,0,2,2,0,0,0,1,2,1,1,2,0
156,3,0,3,2,2,2,1,2,2,3,3,11,3,7,4,5,6,6,7,4,1,0,0,0,0,2,1,0,2,0,0,0,0,0,2,2,0,0,0,1,2,1,1,2,0
157,3,0,3,2,2,2,1,2,2,3,3,11,3,7,4,5,6,6,7,4,1,0,0,0,0,2,1,0,2,0,0,2,0,0,2,2,0,0,0,1,2,1,1,2,0
158,3,0,3,2,2,2,1,2,2,3,3,11,3,7,4,5,6,6,7,4,1,0,0,3,0,2,1,0,2,0,0,2,0,0,2,2,0,0,0,1,2,1,1,2,0
159,3,0,3,2,2,2,1,2,2,3,3,11,3,7,4,5,6,6,7,4,1,0,0,3,0,2,1,0,2,0,3,2,0,0,2,2,0,0,0,1,2,1,1,2,0
160,3,0,3,2,2,2,1,2,2,3,3,11,3,7,4,5,6,6,7,4,1,3,0,3,0,2,1,0,2,0,3,2,0,0,2,2,0,0,0,1,2,1,1,2,0
161,3,0,3,2,2,2,1,2,2,3,3,11,3,7,4,5,6,6,7,4,1,3,4,3,4,2,1,4,2,4,3,2,4,4,2,2,4,4,4,1,2,1,1,2,4
162,1,3,1,3,2,3,2,2,1,2,10,3,5,5,5,4,6,6,5,7,0,0,0,0,0,0,0,0,0,0,0,0,0,0,0,0,0,0,0,0,0,0,0,0,0
163,1,3,1,3,2,3,2,2,1,2,10,3,5,5,5,4,6,6,5,7,0,0,0,0,0,0,0,0,1,0,0,0,0,0,0,0,0,0,0,0,0,0,0,0,0
164,1,3,1,3,2,3,2,2,1,2,10,3,5,5,5,4,6,6,5,7,0,0,0,0,0,0,0,0,1,1,0,0,0,0,0,0,0,0,0,0,0,0,0,0,0
165,1,3,1,3,2,3,2,2,1,2,10,3,5,5,5,4,6,6,5,7,0,0,0,0,0,0,0,0,1,1,0,1,0,0,0,0,0,0,0,0,0,0,0,0,0
166,1,3,1,3,2,3,2,2,1,2,10,3,5,5,5,4,6,6,5,7,0,0,0,0,0,0,0,0,1,1,0,1,1,0,0,0,0,0,0,0,0,0,0,0,0
167,1,3,1,3,2,3,2,2,1,2,10,3,5,5,5,4,6,6,5,7,0,0,0,0,0,0,0,0,1,1,0,1,1,0,0,0,0,0,0,0,0,0,0,0,1
168,1,3,1,3,2,3,2,2,1,2,10,3,5,5,5,4,6,6,5,7,0,0,0,0,1,0,0,0,1,1,0,1,1,0,0,0,0,0,0,0,0,0,0,0,1
169,1,3,1,3,2,3,2,2,1,2,10,3,5,5,5,4,6,6,5,7,0,0,2,0,1,0,0,0,1,1,0,1,1,0,0,0,0,0,0,0,0,0,0,0,1
170,1,3,1,3,2,3,2,2,1,2,10,3,5,5,5,4,6,6,5,7,0,0,2,0,1,0,0,0,1,1,0,1,1,0,0,0,0,0,0,0,0,0,0,2,1
171,1,3,1,3,2,3,2,2,1,2,10,3,5,5,5,4,6,6,5,7,0,0,2,0,1,0,0,0,1,1,0,1,1,0,2,0,0,0,0,0,0,0,0,2,1
172,1,3,1,3,2,3,2,2,1,2,10,3,5,5,5,4,6,6,5,7,0,0,2,0,1,0,0,0,1,1,0,1,1,0,2,2,0,0,0,0,0,0,0,2,1
173,1,3,1,3,2,3,2,2,1,2,10,3,5,5,5,4,6,6,5,7,0,0,2,0,1,0,0,2,1,1,0,1,1,0,2,2,0,0,0,0,0,0,0,2,1
174,1,3,1,3,2,3,2,2,1,2,10,3,5,5,5,4,6,6,5,7,3,0,2,0,1,0,0,2,1,1,0,1,1,0,2,2,0,0,0,0,0,0,0,2,1
175,1,3,1,3,2,3,2,2,1,2,10,3,5,5,5,4,6,6,5,7,3,0,2,0,1,0,3,2,1,1,0,1,1,0,2,2,0,0,0,0,0,0,0,2,1
176,1,3,1,3,2,3,2,2,1,2,10,3,5,5,5,4,6,6,5,7,3,0,2,0,1,0,3,2,1,1,0,1,1,0,2,2,0,0,0,0,3,0,0,2,1
177,1,3,1,3,2,3,2,2,1,2,10,3,5,5,5,4,6,6,5,7,3,0,2,0,1,0,3,2,1,1,0,1,1,0,2,2,3,0,0,0,3,0,0,2,1
178,1,3,1,3,2,3,2,2,1,2,10,3,5,5,5,4,6,6,5,7,3,4,2,4,1,4,3,2,1,1,4,1,1,4,2,2,3,4,4,4,3,4,4,2,1
179,4,1,2,0,3,1,4,2,1,2,1,9,5,9,3,6,2,5,9,5,0,0,0,0,0,0,0,0,0,0,0,0,0,0,0,0,0,0,0,0,0,0,0,0,0
180,4,1,2,0,3,1,4,2,1,2,1,9,5,9,3,6,2,5,9,5,0,0,0,0,0,1,0,0,0,0,0,0,0,0,0,0,0,0,0,0,0,0,0,0,0
181,4,1,2,0,3,1,4,2,1,2,1,9,5,9,3,6,2,5,9,5,0,0,0,0,0,1,1,0,0,0,0,0,0,0,0,0,0,0,0,0,0,0,0,0,0
182,4,1,2,0,3,1,4,2,1,2,1,9,5,9,3,6,2,5,9,5,0,0,0,0,0,1,1,0,0,0,0,0,0,0,0,1,0,0,0,0,0,0,0,0,0
183,4,1,2,0,3,1,4,2,1,2,1,9,5,9,3,6,2,5,9,5,1,0,0,0,0,1,1,0,0,0,0,0,0,0,0,1,0,0,0,0,0,0,0,0,0
184,4,1,2,0,3,1,4,2,1,2,1,9,5,9,3,6,2,5,9,5,1,1,0,0,0,1,1,0,0,0,0,0,0,0,0,1,0,0,0,0,0,0,0,0,0
185,4,1,2,0,3,1,4,2,1,2,1,9,5,9,3,6,2,5,9,5,1,1,0,0,0,1,1,0,0,0,0,0,0,0,0,1,0,0,0,0,0,0,0,2,0
186,4,1,2,0,3,1,4,2,1,2,1,9,5,9,3,6,2,5,9,5,1,1,0,0,0,1,1,0,0,0,0,0,0,0,0,1,0,0,2,0,0,0,0,2,0
187,4,1,2,0,3,1,4,2,1,2,1,9,5,9,3,6,2,5,9,5,1,1,0,0,0,1,1,0,0,0,0,0,2,0,0,1,0,0,2,0,0,0,0,2,0
188,4,1,2,0,3,1,4,2,1,2,1,9,5,9,3,6,2,5,9,5,1,1,0,0,0,1,1,0,0,0,2,0,2,0,0,1,0,0,2,0,0,0,0,2,0
189,4,1,2,0,3,1,4,2,1,2,1,9,5,9,3,6,2,5,9,5,1,1,0,0,0,1,1,0,0,0,2,0,2,0,2,1,0,0,2,0,0,0,0,2,0
190,4,1,2,0,3,1,4,2,1,2,1,9,5,9,3,6,2,5,9,5,1,1,0,0,0,1,1,0,0,0,2,2,2,0,2,1,0,0,2,0,0,0,0,2,0
191,4,1,2,0,3,1,4,2,1,2,1,9,5,9,3,6,2,5,9,5,1,1,0,0,0,1,1,0,0,0,2,2,2,0,2,1,2,0,2,0,0,0,0,2,0
192,4,1,2,0,3,1,4,2,1,2,1,9,5,9,3,6,2,5,9,5,1,1,0,0,0,1,1,0,0,2,2,2,2,0,2,1,2,0,2,0,0,0,0,2,0
193,4,1,2,0,3,1,4,2,1,2,1,9,5,9,3,6,2,5,9,5,1,1,0,3,0,1,1,0,0,2,2,2,2,0,2,1,2,0,2,0,0,0,0,2,0
194,4,1,2,0,3,1,4,2,1,2,1,9,5,9,3,6,2,5,9,5,1,1,0,3,0,1,1,0,3,2,2,2,2,0,2,1,2,0,2,0,0,0,0,2,0
195,4,1,2,0,3,1,4,2,1,2,1,9,5,9,3,6,2,5,9,5,1,1,4,3,4,1,1,4,3,2,2,2,2,4,2,1,2,4,2,4,4,4,4,2,4
196,1,2,2,3,2,1,1,2,2,4,7,5,7,4,6,10,4,6,6,3,0,0,0,0,0,0,0,0,0,0,0,0,0,0,0,0,0,0,0,0,0,0,0,0,0
197,1,2,2,3,2,1,1,2,2,4,7,5,7,4,6,10,4,6,6,3,0,0,0,0,0,0,0,0,0,0,0,0,0,0,0,0,0,0,0,0,1,0,0,0,0
198,1,2,2,3,2,1,1,2,2,4,7,5,7,4,6,10,4,6,6,3,0,0,0,0,0,0,0,0,0,0,0,0,0,0,0,0,0,0,0,0,1,0,0,0,1
199,1,2,2,3,2,1,1,2,2,4,7,5,7,4,6,10,4,6,6,3,0,0,0,0,0,0,0,0,0,0,1,0,0,0,0,0,0,0,0,0,1,0,0,0,1
200,1,2,2,3,2,1,1,2,2,4,7,5,7,4,6,10,4,6,6,3,0,0,0,0,0,0,0,0,0,0,1,0,0,0,0,0,0,0,0,0,1,0,1,0,1
201,1,2,2,3,2,1,1,2,2,4,7,5,7,4,6,10,4,6,6,3,0,1,0,0,0,0,0,0,0,0,1,0,0,0,0,0,0,0,0,0,1,0,1,0,1
202,1,2,2,3,2,1,1,2,2,4,7,5,7,4,6,10,4,6,6,3,0,1,0,0,0,0,0,0,0,0,1,0,0,0,0,0,0,0,0,0,1,1,1,0,1
203,1,2,2,3,2,1,1,2,2,4,7,5,7,4,6,10,4,6,6,3,0,1,1,0,0,0,0,0,0,0,1,0,0,0,0,0,0,0,0,0,1,1,1,0,1
204,1,2,2,3,2,1,1,2,2,4,7,5,7,4,6,10,4,6,6,3,0,1,1,0,0,0,0,2,0,0,1,0,0,0,0,0,0,0,0,0,1,1,1,0,1
205,1,2,2,3,2,1,1,2,2,4,7,5,7,4,6,10,4,6,6,3,0,1,1,0,0,0,2,2,0,0,1,0,0,0,0,0,0,0,0,0,1,1,1,0,1
206,1,2,2,3,2,1,1,2,2,4,7,5,7,4,6,10,4,6,6,3,0,1,1,3,0,0,2,2,0,0,1,0,0,0,0,0,0,0,0,0,1,1,1,0,1
207,1,2,2,3,2,1,1,2,2,4,7,5,7,4,6,10,4,6,6,3,3,1,1,3,0,0,2,2,0,0,1,0,0,0,0,0,0,0,0,0,1,1,1,0,1
208,1,2,2,3,2,1,1,2,2,4,7,5,7,4,6,10,4,6,6,3,3,1,1,3,0,0,2,2,0,0,1,0,3,0,0,0,0,0,0,0,1,1,1,0,1
209,1,2,2,3,2,1,1,2,2,4,7,5,7,4,6,10,4,6,6,3,3,1,1,3,0,0,2,2,0,0,1,0,3,0,0,0,0,3,0,0,1,1,1,0,1
210,1,2,2,3,2,1,1,2,2,4,7,5,7,4,6,10,4,6,6,3,3,1,1,3,0,0,2,2,0,0,1,0,3,0,0,0,0,3,3,0,1,1,1,0,1
211,1,2,2,3,2,1,1,2,2,4,7,5,7,4,6,10,4,6,6,3,3,1,1,3,0,0,2,2,0,3,1,0,3,0,0,0,0,3,3,0,1,1,1,0,1
212,1,2,2,3,2,1,1,2,2,4,7,5,7,4,6,10,4,6,6,3,3,1,1,3,4,4,2,2,4,3,1,4,3,4,4,4,4,3,3,4,1,1,1,4,1
213,3,1,1,2,3,0,3,3,1,3,4,9,9,4,2,9,3,5,7,4,0,0,0,0,0,0,0,0,0,0,0,0,0,0,0,0,0,0,0,0,0,0,0,0,0
214,3,1,1,2,3,0,3,3,1,3,4,9,9,4,2,9,3,5,7,4,0,0,0,0,0,0,0,0,0,0,1,0,0,0,0,0,0,0,0,0,0,0,0,0,0
215,3,1,1,2,3,0,3,3,1,3,4,9,9,4,2,9,3,5,7,4,0,0,0,0,0,0,0,0,1,0,1,0,0,0,0,0,0,0,0,0,0,0,0,0,0
216,3,1,1,2,3,0,3,3,1,3,4,9,9,4,2,9,3,5,7,4,0,0,0,0,0,0,0,0,1,0,1,0,0,0,0,0,0,0,0,1,0,0,0,0,0
217,3,1,1,2,3,0,3,3,1,3,4,9,9,4,2,9,3,5,7,4,0,0,0,0,0,0,0,0,1,0,1,0,1,0,0,0,0,0,0,1,0,0,0,0,0
218,3,1,1,2,3,0,3,3,1,3,4,9,9,4,2,9,3,5,7,4,0,0,0,0,0,0,0,0,1,0,1,0,1,0,0,0,0,0,0,1,0,0,0,0,1
219,3,1,1,2,3,0,3,3,1,3,4,9,9,4,2,9,3,5,7,4,0,0,0,0,0,0,0,0,1,0,1,0,1,0,0,0,1,0,0,1,0,0,0,0,1
220,3,1,1,2,3,0,3,3,1,3,4,9,9,4,2,9,3,5,7,4,0,0,0,0,0,0,0,0,1,0,1,0,1,0,0,0,1,0,2,1,0,0,0,0,1
221,3,1,1,2,3,0,3,3,1,3,4,9,9,4,2,9,3,5,7,4,0,0,0,0,0,0,0,0,1,0,1,0,1,0,0,0,1,0,2,1,0,2,0,0,1
222,3,1,1,2,3,0,3,3,1,3,4,9,9,4,2,9,3,5,7,4,0,0,0,0,0,0,0,2,1,0,1,0,1,0,0,0,1,0,2,1,0,2,0,0,1
223,3,1,1,2,3,0,3,3,1,3,4,9,9,4,2,9,3,5,7,4,0,0,0,0,2,0,0,2,1,0,1,0,1,0,0,0,1,0,2,1,0,2,0,0,1
224,3,1,1,2,3,0,3,3,1,3,4,9,9,4,2,9,3,5,7,4,2,0,0,0,2,0,0,2,1,0,1,0,1,0,0,0,1,0,2,1,0,2,0,0,1
225,3,1,1,2,3,0,3,3,1,3,4,9,9,4,2,9,3,5,7,4,2,3,0,0,2,0,0,2,1,0,1,0,1,0,0,0,1,0,2,1,0,2,0,0,1
226,3,1,1,2,3,0,3,3,1,3,4,9,9,4,2,9,3,5,7,4,2,3,0,3,2,0,0,2,1,0,1,0,1,0,0,0,1,0,2,1,0,2,0,0,1
227,3,1,1,2,3,0,3,3,1,3,4,9,9,4,2,9,3,5,7,4,2,3,0,3,2,0,0,2,1,0,1,0,1,0,0,3,1,0,2,1,0,2,0,0,1
228,3,1,1,2,3,0,3,3,1,3,4,9,9,4,2,9,3,5,7,4,2,3,0,3,2,0,0,2,1,3,1,0,1,0,0,3,1,0,2,1,0,2,0,0,1
229,3,1,1,2,3,0,3,3,1,3,4,9,9,4,2,9,3,5,7,4,2,3,4,3,2,4,4,2,1,3,1,4,1,4,4,3,1,4,2,1,4,2,4,4,1
230,2,3,2,2,1,0,3,1,3,3,8,3,6,4,7,10,3,9,4,2,0,0,0,0,0,0,0,0,0,0,0,0,0,0,0,0,0,0,0,0,0,0,0,0,0
231,2,3,2,2,1,0,3,1,3,3,8,3,6,4,7,10,3,9,4,2,0,0,0,0,0,0,0,0,0,0,0,0,0,0,0,0,0,1,0,0,0,0,0,0,0
232,2,3,2,2,1,0,3,1,3,3,8,3,6,4,7,10,3,9,4,2,0,0,0,0,0,0,0,0,0,1,0,0,0,0,0,0,0,1,0,0,0,0,0,0,0
233,2,3,2,2,1,0,3,1,3,3,8,3,6,4,7,10,3,9,4,2,0,1,0,0,0,0,0,0,0,1,0,0,0,0,0,0,0,1,0,0,0,0,0,0,0
234,2,3,2,2,1,0,3,1,3,3,8,3,6,4,7,10,3,9,4,2,0,1,0,0,0,0,0,0,0,1,0,0,0,0,0,0,0,1,0,0,0,0,0,0,1
235,2,3,2,2,1,0,3,1,3,3,8,3,6,4,7,10,3,9,4,2,0,1,0,0,0,0,0,0,0,1,0,0,0,0,0,0,1,1,0,0,0,0,0,0,1
236,2,3,2,2,1,0,3,1,3,3,8,3,6,4,7,10,3,9,4,2,0,1,0,0,0,0,0,0,0,1,0,0,0,0,0,0,1,1,1,0,0,0,0,0,1
237,2,3,2,2,1,0,3,1,3,3,8,3,6,4,7,10,3,9,4,2,0,1,0,2,0,0,0,0,0,1,0,0,0,0,0,0,1,1,1,0,0,0,0,0,1
238,2,3,2,2,1,0,3,1,3,3,8,3,6,4,7,10,3,9,4,2,2,1,0,2,0,0,0,0,0,1,0,0,0,0,0,0,1,1,1,0,0,0,0,0,1
239,2,3,2,2,1,0,3,1,3,3,8,3,6,4,7,10,3,9,4,2,2,1,0,2,0,0,2,0,0,1,0,0,0,0,0,0,1,1,1,0,0,0,0,0,1
240,2,3,2,2,1,0,3,1,3,3,8,3,6,4,7,10,3,9,4,2,2,1,0,2,0,2,2,0,0,1,0,0,0,0,0,0,1,1,1,0,0,0,0,0,1
241,2,3,2,2,1,0,3,1,3,3,8,3,6,4,7,10,3,9,4,2,2,1,0,2,0,2,2,0,0,1,0,0,0,0,0,0,1,1,1,0,0,0,2,0,1
242,2,3,2,2,1,0,3,1,3,3,8,3,6,4,7,10,3,9,4,2,2,1,0,2,0,2,2,0,0,1,0,0,3,0,0,0,1,1,1,0,0,0,2,0,1
243,2,3,2,2,1,0,3,1,3,3,8,3,6,4,7,10,3,9,4,2,2,1,0,2,0,2,2,0,0,1,0,0,3,0,0,0,1,1,1,3,0,0,2,0,1
244,2,3,2,2,1,0,3,1,3,3,8,3,6,4,7,10,3,9,4,2,2,1,3,2,0,2,2,0,0,1,0,0,3,0,0,0,1,1,1,3,0,0,2,0,1
245,2,3,2,2,1,0,3,1,3,3,8,3,6,4,7,10,3,9,4,2,2,1,3,2,0,2,2,3,0,1,0,0,3,0,0,0,1,1,1,3,0,0,2,0,1
246,2,3,2,2,1,0,3,1,3,3,8,3,6,4,7,10,3,9,4,2,2,1,3,2,4,2,2,3,4,1,4,4,3,4,4,4,1,1,1,3,4,4,2,4,1
247,3,2,3,0,2,2,1,2,3,2,4,6,4,9,4,6,6,6,4,5,0,0,0,0,0,0,0,0,0,0,0,0,0,0,0,0,0,0,0,0,0,0,0,0,0
248,3,2,3,0,2,2,1,2,3,2,4,6,4,9,4,6,6,6,4,5,0,0,0,0,0,0,0,0,0,0,0,0,0,1,0,0,0,0,0,0,0,0,0,0,0
249,3,2,3,0,2,2,1,2,3,2,4,6,4,9,4,6,6,6,4,5,0,0,0,0,0,0,0,0,0,0,0,0,0,1,0,0,0,0,1,0,0,0,0,0,0
250,3,2,3,0,2,2,1,2,3,2,4,6,4,9,4,6,6,6,4,5,0,0,0,0,0,0,1,0,0,0,0,0,0,1,0,0,0,0,1,0,0,0,0,0,0
251,3,2,3,0,2,2,1,2,3,2,4,6,4,9,4,6,6,6,4,5,0,0,0,0,0,0,1,0,0,0,0,0,0,1,0,0,0,0,1,0,0,0,0,0,1
252,3,2,3,0,2,2,1,2,3,2,4,6,4,9,4,6,6,6,4,5,0,0,0,0,0,0,1,0,0,0,0,0,0,1,0,0,0,0,1,0,0,0,1,0,1
253,3,2,3,0,2,2,1,2,3,2,4,6,4,9,4,6,6,6,4,5,0,0,0,0,0,0,1,0,0,0,0,0,0,1,0,0,0,0,1,0,0,2,1,0,1
254,3,2,3,0,2,2,1,2,3,2,4,6,4,9,4,6,6,6,4,5,0,2,0,0,0,0,1,0,0,0,0,0,0,1,0,0,0,0,1,0,0,2,1,0,1
255,3,2,3,0,2,2,1,2,3,2,4,6,4,9,4,6,6,6,4,5,0,2,0,0,0,0,1,0,0,0,2,0,0,1,0,0,0,0,1,0,0,2,1,0,1
256,3,2,3,0,2,2,1,2,3,2,4,6,4,9,4,6,6,6,4,5,0,2,0,0,0,0,1,0,0,0,2,0,0,1,0,0,0,0,1,0,0,2,1,2,1
257,3,2,3,0,2,2,1,2,3,2,4,6,4,9,4,6,6,6,4,5,0,2,0,0,0,0,1,0,0,0,2,0,0,1,0,0,2,0,1,0,0,2,1,2,1
258,3,2,3,0,2,2,1,2,3,2,4,6,4,9,4,6,6,6,4,5,0,2,0,0,0,0,1,0,0,0,2,0,0,1,2,0,2,0,1,0,0,2,1,2,1
259,3,2,3,0,2,2,1,2,3,2,4,6,4,9,4,6,6,6,4,5,0,2,0,0,0,2,1,0,0,0,2,0,0,1,2,0,2,0,1,0,0,2,1,2,1
260,3,2,3,0,2,2,1,2,3,2,4,6,4,9,4,6,6,6,4,5,0,2,0,0,0,2,1,0,0,0,2,2,0,1,2,0,2,0,1,0,0,2,1,2,1
261,3,2,3,0,2,2,1,2,3,2,4,6,4,9,4,6,6,6,4,5,0,2,0,0,0,2,1,0,0,0,2,2,3,1,2,0,2,0,1,0,0,2,1,2,1
262,3,2,3,0,2,2,1,2,3,2,4,6,4,9,4,6,6,6,4,5,0,2,3,0,0,2,1,0,0,0,2,2,3,1,2,0,2,0,1,0,0,2,1,2,1
263,3,2,3,0,2,2,1,2,3,2,4,6,4,9,4,6,6,6,4,5,4,2,3,4,4,2,1,4,4,4,2,2,3,1,2,4,2,4,1,4,4,2,1,2,1
264,4,2,2,0,2,4,1,1,1,3,1,5,6,11,6,3,10,7,6,3,0,0,0,0,0,0,0,0,0,0,0,0,0,0,0,0,0,0,0,0,0,0,0,0,0
265,4,2,2,0,2,4,1,1,1,3,1,5,6,11,6,3,10,7,6,3,0,0,0,0,0,1,0,0,0,0,0,0,0,0,0,0,0,0,0,0,0,0,0,0,0
266,4,2,2,0,2,4,1,1,1,3,1,5,6,11,6,3,10,7,6,3,0,0,0,0,0,1,0,0,1,0,0,0,0,0,0,0,0,0,0,0,0,0,0,0,0
267,4,2,2,0,2,4,1,1,1,3,1,5,6,11,6,3,10,7,6,3,0,0,0,0,0,1,0,0,1,1,0,0,0,0,0,0,0,0,0,0,0,0,0,0,0
268,4,2,2,0,2,4,1,1,1,3,1,5,6,11,6,3,10,7,6,3,0,0,0,1,0,1,0,0,1,1,0,0,0,0,0,0,0,0,0,0,0,0,0,0,0
269,4,2,2,0,2,4,1,1,1,3,1,5,6,11,6,3,10,7,6,3,0,0,0,1,0,1,0,0,1,1,0,1,0,0,0,0,0,0,0,0,0,0,0,0,0
270,4,2,2,0,2,4,1,1,1,3,1,5,6,11,6,3,10,7,6,3,0,0,0,1,0,1,0,0,1,1,0,1,0,0,0,0,0,0,0,0,1,0,0,0,0
271,4,2,2,0,2,4,1,1,1,3,1,5,6,11,6,3,10,7,6,3,0,0,0,1,0,1,0,0,1,1,0,1,0,0,0,0,1,0,0,0,1,0,0,0,0
272,4,2,2,0,2,4,1,1,1,3,1,5,6,11,6,3,10,7,6,3,0,0,0,1,2,1,0,0,1,1,0,1,0,0,0,0,1,0,0,0,1,0,0,0,0
273,4,2,2,0,2,4,1,1,1,3,1,5,6,11,6,3,10,7,6,3,0,0,0,1,2,1,0,0,1,1,0,1,0,0,0,0,1,2,0,0,1,0,0,0,0
274,4,2,2,0,2,4,1,1,1,3,1,5,6,11,6,3,10,7,6,3,0,0,0,1,2,1,0,0,1,1,0,1,0,0,0,0,1,2,0,0,1,0,3,0,0
275,4,2,2,0,2,4,1,1,1,3,1,5,6,11,6,3,10,7,6,3,0,0,0,1,2,1,3,0,1,1,0,1,0,0,0,0,1,2,0,0,1,0,3,0,0
276,4,2,2,0,2,4,1,1,1,3,1,5,6,11,6,3,10,7,6,3,0,0,0,1,2,1,3,0,1,1,0,1,0,0,0,0,1,2,0,0,1,3,3,0,0
277,4,2,2,0,2,4,1,1,1,3,1,5,6,11,6,3,10,7,6,3,0,0,0,1,2,1,3,0,1,1,0,1,0,0,0,0,1,2,3,0,1,3,3,0,0
278,4,2,2,0,2,4,1,1,1,3,1,5,6,11,6,3,10,7,6,3,0,0,0,1,2,1,3,0,1,1,0,1,0,0,0,0,1,2,3,0,1,3,3,3,0
279,4,2,2,0,2,4,1,1,1,3,1,5,6,11,6,3,10,7,6,3,0,0,0,1,2,1,3,0,1,1,3,1,0,0,0,0,1,2,3,0,1,3,3,3,0
280,4,2,2,0,2,4,1,1,1,3,1,5,6,11,6,3,10,7,6,3,4,4,4,1,2,1,3,4,1,1,3,1,4,4,4,4,1,2,3,4,1,3,3,3,4
281,2,2,3,1,2,2,1,2,3,2,8,5,3,7,5,3,8,6,6,5,0,0,0,0,0,0,0,0,0,0,0,0,0,0,0,0,0,0,0,0,0,0,0,0,0
282,2,2,3,1,2,2,1,2,3,2,8,5,3,7,5,3,8,6,6,5,0,0,0,0,0,0,0,0,0,0,0,0,0,0,0,0,0,0,0,0,0,0,0,0,1
283,2,2,3,1,2,2,1,2,3,2,8,5,3,7,5,3,8,6,6,5,0,0,0,0,0,0,0,0,0,0,0,0,0,0,0,1,0,0,0,0,0,0,0,0,1
284,2,2,3,1,2,2,1,2,3,2,8,5,3,7,5,3,8,6,6,5,0,0,0,0,0,0,0,0,0,0,0,0,0,0,0,1,0,0,0,1,0,0,0,0,1
285,2,2,3,1,2,2,1,2,3,2,8,5,3,7,5,3,8,6,6,5,0,1,0,0,0,0,0,0,0,0,0,0,0,0,0,1,0,0,0,1,0,0,0,0,1
286,2,2,3,1,2,2,1,2,3,2,8,5,3,7,5,3,8,6,6,5,0,1,0,0,0,0,0,0,0,0,0,0,0,0,0,1,0,0,1,1,0,0,0,0,1
287,2,2,3,1,2,2,1,2,3,2,8,5,3,7,5,3,8,6,6,5,0,1,2,0,0,0,0,0,0,0,0,0,0,0,0,1,0,0,1,1,0,0,0,0,1
288,2,2,3,1,2,2,1,2,3,2,8,5,3,7,5,3,8,6,6,5,0,1,2,2,0,0,0,0,0,0,0,0,0,0,0,1,0,0,1,1,0,0,0,0,1
289,2,2,3,1,2,2,1,2,3,2,8,5,3,7,5,3,8,6,6,5,0,1,2,2,0,0,0,0,0,0,0,0,0,0,0,1,0,0,1,1,0,0,0,2,1
290,2,2,3,1,2,2,1,2,3,2,8,5,3,7,5,3,8,6,6,5,0,1,2,2,0,0,0,0,0,0,0,0,0,0,0,1,0,0,1,1,0,0,2,2,1
291,2,2,3,1,2,2,1,2,3,2,8,5,3,7,5,3,8,6,6,5,0,1,2,2,0,0,0,0,0,0,0,0,0,0,2,1,0,0,1,1,0,0,2,2,1
292,2,2,3,1,2,2,1,2,3,2,8,5,3,7,5,3,8,6,6,5,0,1,2,2,0,0,0,0,0,0,0,0,0,0,2,1,2,0,1,1,0,0,2,2,1
293,2,2,3,1,2,2,1,2,3,2,8,5,3,7,5,3,8,6,6,5,0,1,2,2,0,2,0,0,0,0,0,0,0,0,2,1,2,0,1,1,0,0,2,2,1
294,2,2,3,1,2,2,1,2,3,2,8,5,3,7,5,3,8,6,6,5,0,1,2,2,0,2,0,3,0,0,0,0,0,0,2,1,2,0,1,1,0,0,2,2,1
295,2,2,3,1,2,2,1,2,3,2,8,5,3,7,5,3,8,6,6,5,0,1,2,2,0,2,0,3,0,0,0,0,0,0,2,1,2,0,1,1,3,0,2,2,1
296,2,2,3,1,2,2,1,2,3,2,8,5,3,7,5,3,8,6,6,5,0,1,2,2,0,2,0,3,0,0,0,3,0,0,2,1,2,0,1,1,3,0,2,2,1
297,2,2,3,1,2,2,1,2,3,2,8,5,3,7,5,3,8,6,6,5,4,1,2,2,4,2,4,3,4,4,4,3,4,4,2,1,2,4,1,1,3,4,2,2,1
298,2,1,3,1,3,1,3,0,2,4,7,7,4,7,3,5,4,10,7,2,0,0,0,0,0,0,0,0,0,0,0,0,0,0,0,0,0,0,0,0,0,0,0,0,0
299,2,1,3,1,3,1,3,0,2,4,7,7,4,7,3,5,4,10,7,2,0,0,0,0,0,1,0,0,0,0,0,0,0,0,0,0,0,0,0,0,0,0,0,0,0
300,2,1,3,1,3,1,3,0,2,4,7,7,4,7,3,5,4,10,7,2,0,0,0,0,0,1,0,0,0,0,0,0,0,0,0,0,0,0,1,0,0,0,0,0,0
301,2,1,3,1,3,1,3,0,2,4,7,7,4,7,3,5,4,10,7,2,0,1,0,0,0,1,0,0,0,0,0,0,0,0,0,0,0,0,1,0,0,0,0,0,0
302,2,1,3,1,3,1,3,0,2,4,7,7,4,7,3,5,4,10,7,2,0,1,0,0,0,1,0,0,0,0,0,0,0,0,0,0,0,0,1,1,0,0,0,0,0
303,2,1,3,1,3,1,3,0,2,4,7,7,4,7,3,5,4,10,7,2,0,1,0,0,0,1,0,0,0,0,0,0,0,0,0,0,0,0,1,1,1,0,0,0,0
304,2,1,3,1,3,1,3,0,2,4,7,7,4,7,3,5,4,10,7,2,0,1,0,0,0,1,0,0,0,0,0,0,0,0,2,0,0,0,1,1,1,0,0,0,0
305,2,1,3,1,3,1,3,0,2,4,7,7,4,7,3,5,4,10,7,2,0,1,0,2,0,1,0,0,0,0,0,0,0,0,2,0,0,0,1,1,1,0,0,0,0
306,2,1,3,1,3,1,3,0,2,4,7,7,4,7,3,5,4,10,7,2,0,1,0,2,0,1,0,0,0,0,0,0,2,0,2,0,0,0,1,1,1,0,0,0,0
307,2,1,3,1,3,1,3,0,2,4,7,7,4,7,3,5,4,10,7,2,0,1,0,2,0,1,0,0,0,0,2,0,2,0,2,0,0,0,1,1,1,0,0,0,0
308,2,1,3,1,3,1,3,0,2,4,7,7,4,7,3,5,4,10,7,2,0,1,0,2,0,1,0,0,2,0,2,0,2,0,2,0,0,0,1,1,1,0,0,0,0
309,2,1,3,1,3,1,3,0,2,4,7,7,4,7,3,5,4,10,7,2,0,1,0,2,0,1,2,0,2,0,2,0,2,0,2,0,0,0,1,1,1,0,0,0,0
310,2,1,3,1,3,1,3,0,2,4,7,7,4,7,3,5,4,10,7,2,0,1,0,2,2,1,2,0,2,0,2,0,2,0,2,0,0,0,1,1,1,0,0,0,0
311,2,1,3,1,3,1,3,0,2,4,7,7,4,7,3,5,4,10,7,2,0,1,0,2,2,1,2,0,2,0,2,0,2,0,2,0,0,0,1,1,1,0,0,3,0
312,2,1,3,1,3,1,3,0,2,4,7,7,4,7,3,5,4,10,7,2,0,1,0,2,2,1,2,3,2,0,2,0,2,0,2,0,0,0,1,1,1,0,0,3,0
313,2,1,3,1,3,1,3,0,2,4,7,7,4,7,3,5,4,10,7,2,0,1,3,2,2,1,2,3,2,0,2,0,2,0,2,0,0,0,1,1,1,0,0,3,0
314,2,1,3,1,3,1,3,0,2,4,7,7,4,7,3,5,4,10,7,2,4,1,3,2,2,1,2,3,2,4,2,4,2,4,2,4,4,4,1,1,1,4,4,3,4
315,2,2,1,3,2,2,2,2,0,4,6,4,8,3,6,7,5,4,9,2,0,0,0,0,0,0,0,0,0,0,0,0,0,0,0,0,0,0,0,0,0,0,0,0,0
316,2,2,1,3,2,2,2,2,0,4,6,4,8,3,6,7,5,4,9,2,0,0,0,0,0,0,0,0,1,0,0,0,0,0,0,0,0,0,0,0,0,0,0,0,0
317,2,2,1,3,2,2,2,2,0,4,6,4,8,3,6,7,5,4,9,2,0,0,0,0,1,0,0,0,1,0,0,0,0,0,0,0,0,0,0,0,0,0,0,0,0
318,2,2,1,3,2,2,2,2,0,4,6,4,8,3,6,7,5,4,9,2,0,0,0,1,1,0,0,0,1,0,0,0,0,0,0,0,0,0,0,0,0,0,0,0,0
319,2,2,1,3,2,2,2,2,0,4,6,4,8,3,6,7,5,4,9,2,0,0,0,1,1,0,0,0,1,0,0,0,0,0,0,0,0,0,0,0,0,0,0,1,0
320,2,2,1,3,2,2,2,2,0,4,6,4,8,3,6,7,5,4,9,2,0,0,0,1,1,0,0,1,1,0,0,0,0,0,0,0,0,0,0,0,0,0,0,1,0
321,2,2,1,3,2,2,2,2,0,4,6,4,8,3,6,7,5,4,9,2,0,0,0,1,1,0,0,1,1,0,0,0,0,2,0,0,0,0,0,0,0,0,0,1,0
322,2,2,1,3,2,2,2,2,0,4,6,4,8,3,6,7,5,4,9,2,0,0,0,1,1,0,2,1,1,0,0,0,0,2,0,0,0,0,0,0,0,0,0,1,0
323,2,2,1,3,2,2,2,2,0,4,6,4,8,3,6,7,5,4,9,2,0,0,0,1,1,0,2,1,1,0,0,0,0,2,0,0,0,0,0,0,0,2,0,1,0
324,2,2,1,3,2,2,2,2,0,4,6,4,8,3,6,7,5,4,9,2,0,0,0,1,1,0,2,1,1,0,0,0,0,2,0,0,0,0,0,2,0,2,0,1,0
325,2,2,1,3,2,2,2,2,0,4,6,4,8,3,6,7,5,4,9,2,0,0,0,1,1,0,2,1,1,0,2,0,0,2,0,0,0,0,0,2,0,2,0,1,0
326,2,2,1,3,2,2,2,2,0,4,6,4,8,3,6,7,5,4,9,2,0,0,0,1,1,0,2,1,1,0,2,0,2,2,0,0,0,0,0,2,0,2,0,1,0
327,2,2,1,3,2,2,2,2,0,4,6,4,8,3,6,7,5,4,9,2,0,0,0,1,1,0,2,1,1,0,2,0,2,2,0,0,0,0,0,2,0,2,2,1,0
328,2,2,1,3,2,2,2,2,0,4,6,4,8,3,6,7,5,4,9,2,0,0,0,1,1,0,2,1,1,0,2,2,2,2,0,0,0,0,0,2,0,2,2,1,0
329,2,2,1,3,2,2,2,2,0,4,6,4,8,3,6,7,5,4,9,2,0,0,0,1,1,0,2,1,1,3,2,2,2,2,0,0,0,0,0,2,0,2,2,1,0
330,2,2,1,3,2,2,2,2,0,4,6,4,8,3,6,7,5,4,9,2,3,0,0,1,1,0,2,1,1,3,2,2,2,2,0,0,0,0,0,2,0,2,2,1,0
331,2,2,1,3,2,2,2,2,0,4,6,4,8,3,6,7,5,4,9,2,3,4,4,1,1,4,2,1,1,3,2,2,2,2,4,4,4,4,4,2,4,2,2,1,4
332,2,1,4,1,2,2,1,4,1,2,7,6,1,8,7,9,8,1,6,5,0,0,0,0,0,0,0,0,0,0,0,0,0,0,0,0,0,0,0,0,0,0,0,0,0
333,2,1,4,1,2,2,1,4,1,2,7,6,1,8,7,9,8,1,6,5,0,0,0,0,0,1,0,0,0,0,0,0,0,0,0,0,0,0,0,0,0,0,0,0,0
334,2,1,4,1,2,2,1,4,1,2,7,6,1,8,7,9,8,1,6,5,0,0,0,0,0,1,0,0,0,0,0,0,0,0,0,0,0,0,0,0,0,0,0,0,1
335,2,1,4,1,2,2,1,4,1,2,7,6,1,8,7,9,8,1,6,5,0,0,0,0,0,1,0,0,0,0,1,0,0,0,0,0,0,0,0,0,0,0,0,0,1
336,2,1,4,1,2,2,1,4,1,2,7,6,1,8,7,9,8,1,6,5,0,0,0,0,0,1,0,0,1,0,1,0,0,0,0,0,0,0,0,0,0,0,0,0,1
337,2,1,4,1,2,2,1,4,1,2,7,6,1,8,7,9,8,1,6,5,0,0,0,0,0,1,0,0,1,0,1,0,0,0,0,0,0,0,0,0,0,1,0,0,1
338,2,1,4,1,2,2,1,4,1,2,7,6,1,8,7,9,8,1,6,5,0,0,0,0,0,1,0,0,1,0,1,0,0,0,0,1,0,0,0,0,0,1,0,0,1
339,2,1,4,1,2,2,1,4,1,2,7,6,1,8,7,9,8,1,6,5,0,0,0,0,0,1,0,0,1,0,1,0,0,0,1,1,0,0,0,0,0,1,0,0,1
340,2,1,4,1,2,2,1,4,1,2,7,6,1,8,7,9,8,1,6,5,0,0,0,0,0,1,0,1,1,0,1,0,0,0,1,1,0,0,0,0,0,1,0,0,1
341,2,1,4,1,2,2,1,4,1,2,7,6,1,8,7,9,8,1,6,5,3,0,0,0,0,1,0,1,1,0,1,0,0,0,1,1,0,0,0,0,0,1,0,0,1
342,2,1,4,1,2,2,1,4,1,2,7,6,1,8,7,9,8,1,6,5,3,0,0,0,0,1,0,1,1,0,1,0,0,0,1,1,0,0,0,0,0,1,0,3,1
343,2,1,4,1,2,2,1,4,1,2,7,6,1,8,7,9,8,1,6,5,3,3,0,0,0,1,0,1,1,0,1,0,0,0,1,1,0,0,0,0,0,1,0,3,1
344,2,1,4,1,2,2,1,4,1,2,7,6,1,8,7,9,8,1,6,5,3,3,0,0,0,1,0,1,1,0,1,0,0,0,1,1,0,0,0,0,3,1,0,3,1
345,2,1,4,1,2,2,1,4,1,2,7,6,1,8,7,9,8,1,6,5,3,3,0,0,0,1,0,1,1,0,1,0,0,0,1,1,0,3,0,0,3,1,0,3,1
346,2,1,4,1,2,2,1,4,1,2,7,6,1,8,7,9,8,1,6,5,3,3,0,0,0,1,0,1,1,0,1,3,0,0,1,1,0,3,0,0,3,1,0,3,1
347,2,1,4,1,2,2,1,4,1,2,7,6,1,8,7,9,8,1,6,5,3,3,0,0,0,1,0,1,1,0,1,3,0,0,1,1,0,3,3,0,3,1,0,3,1
348,2,1,4,1,2,2,1,4,1,2,7,6,1,8,7,9,8,1,6,5,3,3,4,4,4,1,4,1,1,4,1,3,4,4,1,1,4,3,3,4,3,1,4,3,1
349,1,3,2,1,3,1,3,3,1,2,10,4,5,6,4,10,2,2,8,7,0,0,0,0,0,0,0,0,0,0,0,0,0,0,0,0,0,0,0,0,0,0,0,0,0
350,1,3,2,1,3,1,3,3,1,2,10,4,5,6,4,10,2,2,8,7,0,0,0,0,0,1,0,0,0,0,0,0,0,0,0,0,0,0,0,0,0,0,0,0,0
351,1,3,2,1,3,1,3,3,1,2,10,4,5,6,4,10,2,2,8,7,0,0,0,0,0,1,0,0,1,0,0,0,0,0,0,0,0,0,0,0,0,0,0,0,0
352,1,3,2,1,3,1,3,3,1,2,10,4,5,6,4,10,2,2,8,7,0,0,0,0,0,1,0,0,1,0,0,0,0,0,0,0,0,0,1,0,0,0,0,0,0
353,1,3,2,1,3,1,3,3,1,2,10,4,5,6,4,10,2,2,8,7,0,0,0,0,1,1,0,0,1,0,0,0,0,0,0,0,0,0,1,0,0,0,0,0,0
354,1,3,2,1,3,1,3,3,1,2,10,4,5,6,4,10,2,2,8,7,0,0,0,0,1,1,0,0,1,0,0,1,0,0,0,0,0,0,1,0,0,0,0,0,0
355,1,3,2,1,3,1,3,3,1,2,10,4,5,6,4,10,2,2,8,7,0,0,0,0,1,1,0,0,1,0,0,1,0,0,0,0,0,0,1,0,1,0,0,0,0
356,1,3,2,1,3,1,3,3,1,2,10,4,5,6,4,10,2,2,8,7,0,0,0,0,1,1,0,0,1,0,0,1,0,0,0,0,0,0,1,0,1,0,1,0,0
357,1,3,2,1,3,1,3,3,1,2,10,4,5,6,4,10,2,2,8,7,0,0,0,0,1,1,0,0,1,0,0,1,0,0,0,0,1,0,1,0,1,0,1,0,0
358,1,3,2,1,3,1,3,3,1,2,10,4,5,6,4,10,2,2,8,7,0,3,0,0,1,1,0,0,1,0,0,1,0,0,0,0,1,0,1,0,1,0,1,0,0
359,1,3,2,1,3,1,3,3,1,2,10,4,5,6,4,10,2,2,8,7,0,3,0,0,1,1,0,0,1,0,0,1,0,0,0,0,1,3,1,0,1,0,1,0,0
360,1,3,2,1,3,1,3,3,1,2,10,4,5,6,4,10,2,2,8,7,0,3,0,0,1,1,0,0,1,0,0,1,0,3,0,0,1,3,1,0,1,0,1,0,0
361,1,3,2,1,3,1,3,3,1,2,10,4,5,6,4,10,2,2,8,7,0,3,0,0,1,1,0,3,1,0,0,1,0,3,0,0,1,3,1,0,1,0,1,0,0
362,1,3,2,1,3,1,3,3,1,2,10,4,5,6,4,10,2,2,8,7,3,3,0,0,1,1,0,3,1,0,0,1,0,3,0,0,1,3,1,0,1,0,1,0,0
363,1,3,2,1,3,1,3,3,1,2,10,4,5,6,4,10,2,2,8,7,3,3,0,0,1,1,0,3,1,0,0,1,3,3,0,0,1,3,1,0,1,0,1,0,0
364,1,3,2,1,3,1,3,3,1,2,10,4,5,6,4,10,2,2,8,7,3,3,0,0,1,1,0,3,1,0,3,1,3,3,0,0,1,3,1,0,1,0,1,0,0
365,1,3,2,1,3,1,3,3,1,2,10,4,5,6,4,10,2,2,8,7,3,3,4,4,1,1,4,3,1,4,3,1,3,3,4,4,1,3,1,4,1,4,1,4,4
366,3,2,2,2,1,2,1,1,3,3,4,5,5,7,8,9,6,7,4,3,0,0,0,0,0,0,0,0,0,0,0,0,0,0,0,0,0,0,0,0,0,0,0,0,0
367,3,2,2,2,1,2,1,1,3,3,4,5,5,7,8,9,6,7,4,3,0,0,0,0,0,0,0,0,0,0,0,0,0,0,0,0,0,1,0,0,0,0,0,0,0
368,3,2,2,2,1,2,1,1,3,3,4,5,5,7,8,9,6,7,4,3,0,0,0,0,0,0,0,0,0,0,0,0,0,0,0,0,0,1,0,0,0,0,1,0,0
369,3,2,2,2,1,2,1,1,3,3,4,5,5,7,8,9,6,7,4,3,0,0,0,0,0,0,0,0,0,0,0,0,0,0,0,0,0,1,0,0,0,1,1,0,0
370,3,2,2,2,1,2,1,1,3,3,4,5,5,7,8,9,6,7,4,3,0,0,0,0,0,0,0,0,1,0,0,0,0,0,0,0,0,1,0,0,0,1,1,0,0
371,3,2,2,2,1,2,1,1,3,3,4,5,5,7,8,9,6,7,4,3,0,0,0,0,1,0,0,0,1,0,0,0,0,0,0,0,0,1,0,0,0,1,1,0,0
372,3,2,2,2,1,2,1,1,3,3,4,5,5,7,8,9,6,7,4,3,0,0,0,0,1,0,1,0,1,0,0,0,0,0,0,0,0,1,0,0,0,1,1,0,0
373,3,2,2,2,1,2,1,1,3,3,4,5,5,7,8,9,6,7,4,3,0,0,0,0,1,0,1,0,1,0,0,0,0,0,0,0,0,1,0,0,0,1,1,1,0
374,3,2,2,2,1,2,1,1,3,3,4,5,5,7,8,9,6,7,4,3,0,0,2,0,1,0,1,0,1,0,0,0,0,0,0,0,0,1,0,0,0,1,1,1,0
375,3,2,2,2,1,2,1,1,3,3,4,5,5,7,8,9,6,7,4,3,0,0,2,0,1,0,1,0,1,0,0,0,0,2,0,0,0,1,0,0,0,1,1,1,0
376,3,2,2,2,1,2,1,1,3,3,4,5,5,7,8,9,6,7,4,3,0,0,2,0,1,0,1,0,1,0,0,0,0,2,0,0,0,1,0,0,0,1,1,1,3
377,3,2,2,2,1,2,1,1,3,3,4,5,5,7,8,9,6,7,4,3,0,0,2,0,1,0,1,0,1,0,0,0,0,2,0,0,0,1,3,0,0,1,1,1,3
378,3,2,2,2,1,2,1,1,3,3,4,5,5,7,8,9,6,7,4,3,0,0,2,0,1,0,1,0,1,0,3,0,0,2,0,0,0,1,3,0,0,1,1,1,3
379,3,2,2,2,1,2,1,1,3,3,4,5,5,7,8,9,6,7,4,3,0,0,2,0,1,0,1,0,1,0,3,0,3,2,0,0,0,1,3,0,0,1,1,1,3
380,3,2,2,2,1,2,1,1,3,3,4,5,5,7,8,9,6,7,4,3,0,0,2,3,1,0,1,0,1,0,3,0,3,2,0,0,0,1,3,0,0,1,1,1,3
381,3,2,2,2,1,2,1,1,3,3,4,5,5,7,8,9,6,7,4,3,0,0,2,3,1,0,1,0,1,0,3,0,3,2,0,0,0,1,3,3,0,1,1,1,3
382,3,2,2,2,1,2,1,1,3,3,4,5,5,7,8,9,6,7,4,3,4,4,2,3,1,4,1,4,1,4,3,4,3,2,4,4,4,1,3,3,4,1,1,1,3
383,2,1,1,4,2,2,3,3,2,0,6,8,5,2,6,5,3,3,5,11,0,0,0,0,0,0,0,0,0,0,0,0,0,0,0,0,0,0,0,0,0,0,0,0,0
384,2,1,1,4,2,2,3,3,2,0,6,8,5,2,6,5,3,3,5,11,0,0,1,0,0,0,0,0,0,0,0,0,0,0,0,0,0,0,0,0,0,0,0,0,0
385,2,1,1,4,2,2,3,3,2,0,6,8,5,2,6,5,3,3,5,11,0,0,1,0,0,0,0,0,0,0,0,0,0,0,0,0,0,0,0,0,0,0,1,0,0
386,2,1,1,4,2,2,3,3,2,0,6,8,5,2,6,5,3,3,5,11,0,0,1,0,0,0,0,0,0,0,0,0,1,0,0,0,0,0,0,0,0,0,1,0,0
387,2,1,1,4,2,2,3,3,2,0,6,8,5,2,6,5,3,3,5,11,0,0,1,0,0,0,0,0,1,0,0,0,1,0,0,0,0,0,0,0,0,0,1,0,0
388,2,1,1,4,2,2,3,3,2,0,6,8,5,2,6,5,3,3,5,11,0,0,1,0,0,0,0,0,1,0,0,0,1,0,0,1,0,0,0,0,0,0,1,0,0
389,2,1,1,4,2,2,3,3,2,0,6,8,5,2,6,5,3,3,5,11,0,0,1,0,0,0,0,0,1,0,0,0,1,0,0,1,0,0,0,0,0,0,1,0,2
390,2,1,1,4,2,2,3,3,2,0,6,8,5,2,6,5,3,3,5,11,2,0,1,0,0,0,0,0,1,0,0,0,1,0,0,1,0,0,0,0,0,0,1,0,2
391,2,1,1,4,2,2,3,3,2,0,6,8,5,2,6,5,3,3,5,11,2,0,1,0,0,0,0,0,1,0,0,0,1,0,0,1,2,0,0,0,0,0,1,0,2
392,2,1,1,4,2,2,3,3,2,0,6,8,5,2,6,5,3,3,5,11,2,2,1,0,0,0,0,0,1,0,0,0,1,0,0,1,2,0,0,0,0,0,1,0,2
393,2,1,1,4,2,2,3,3,2,0,6,8,5,2,6,5,3,3,5,11,2,2,1,2,0,0,0,0,1,0,0,0,1,0,0,1,2,0,0,0,0,0,1,0,2
394,2,1,1,4,2,2,3,3,2,0,6,8,5,2,6,5,3,3,5,11,2,2,1,2,0,0,0,0,1,2,0,0,1,0,0,1,2,0,0,0,0,0,1,0,2
395,2,1,1,4,2,2,3,3,2,0,6,8,5,2,6,5,3,3,5,11,2,2,1,2,0,0,0,0,1,2,0,2,1,0,0,1,2,0,0,0,0,0,1,0,2
396,2,1,1,4,2,2,3,3,2,0,6,8,5,2,6,5,3,3,5,11,2,2,1,2,0,0,0,0,1,2,0,2,1,0,0,1,2,2,0,0,0,0,1,0,2
397,2,1,1,4,2,2,3,3,2,0,6,8,5,2,6,5,3,3,5,11,2,2,1,2,0,0,0,0,1,2,0,2,1,3,0,1,2,2,0,0,0,0,1,0,2
398,2,1,1,4,2,2,3,3,2,0,6,8,5,2,6,5,3,3,5,11,2,2,1,2,0,0,0,0,1,2,0,2,1,3,3,1,2,2,0,0,0,0,1,0,2
399,2,1,1,4,2,2,3,3,2,0,6,8,5,2,6,5,3,3,5,11,2,2,1,2,4,4,4,4,1,2,4,2,1,3,3,1,2,2,4,4,4,4,1,4,2
400,2,1,1,1,1,2,1,1,0,2,4,5,4,5,6,4,7,4,5,4,0,0,0,0,0,0,0,0,0,0,0,0,0,0,0,0,0,0,0,0,0,0,0,0,0
401,2,1,1,1,1,2,1,1,0,2,4,5,4,5,6,4,7,4,5,4,0,0,0,0,0,0,0,0,0,0,1,0,0,0,0,0,0,0,0,0,0,0,0,0,0
402,2,1,1,1,1,2,1,1,0,2,4,5,4,5,6,4,7,4,5,4,0,0,0,0,0,0,0,0,0,0,1,0,0,0,0,0,1,0,0,0,0,0,0,0,0
403,2,1,1,1,1,2,1,1,0,2,4,5,4,5,6,4,7,4,5,4,0,0,0,0,0,0,0,0,0,0,1,0,0,0,0,0,1,0,0,0,0,0,1,0,0
404,2,1,1,1,1,2,1,1,0,2,4,5,4,5,6,4,7,4,5,4,0,1,0,0,0,0,0,0,0,0,1,0,0,0,0,0,1,0,0,0,0,0,1,0,0
405,2,1,1,1,1,2,1,1,0,2,4,5,4,5,6,4,7,4,5,4,0,1,0,0,0,0,0,0,0,0,1,0,0,0,0,1,1,0,0,0,0,0,1,0,0
406,2,1,1,1,1,2,1,1,0,2,4,5,4,5,6,4,7,4,5,4,0,1,0,1,0,0,0,0,0,0,1,0,0,0,0,1,1,0,0,0,0,0,1,0,0
407,2,1,1,1,1,2,1,1,0,2,4,5,4,5,6,4,7,4,5,4,0,1,1,1,0,0,0,0,0,0,1,0,0,0,0,1,1,0,0,0,0,0,1,0,0
408,2,1,1,1,1,2,1,1,0,2,4,5,4,5,6,4,7,4,5,4,0,1,1,1,0,0,0,0,0,0,1,0,1,0,0,1,1,0,0,0,0,0,1,0,0
409,2,1,1,1,1,2,1,1,0,2,4,5,4,5,6,4,7,4,5,4,0,1,1,1,0,1,0,0,0,0,1,0,1,0,0,1,1,0,0,0,0,0,1,0,0
410,2,1,1,1,1,2,1,1,0,2,4,5,4,5,6,4,7,4,5,4,0,1,1,1,0,1,0,0,0,1,1,0,1,0,0,1,1,0,0,0,0,0,1,0,0
411,2,1,1,1,1,2,1,1,0,2,4,5,4,5,6,4,7,4,5,4,0,1,1,1,0,1,1,0,0,1,1,0,1,0,0,1,1,0,0,0,0,0,1,0,0
412,2,1,1,1,1,2,1,1,0,2,4,5,4,5,6,4,7,4,5,4,0,1,1,1,0,1,1,0,0,1,1,1,1,0,0,1,1,0,0,0,0,0,1,0,0
413,2,1,1,1,1,2,1,1,0,2,4,5,4,5,6,4,7,4,5,4,0,1,1,1,0,1,1,1,0,1,1,1,1,0,0,1,1,0,0,0,0,0,1,0,0
414,2,1,1,1,1,2,1,1,0,2,4,5,4,5,6,4,7,4,5,4,0,1,1,1,0,1,1,1,1,1,1,1,1,0,0,1,1,0,0,0,0,0,1,0,0
415,2,1,1,1,1,2,1,1,0,2,4,5,4,5,6,4,7,4,5,4,0,1,1,1,0,1,1,1,1,1,1,1,1,0,2,1,1,0,0,0,0,0,1,0,0
416,2,1,1,1,1,2,1,1,0,2,4,5,4,5,6,4,7,4,5,4,0,1,1,1,0,1,1,1,1,1,1,1,1,0,2,1,1,0,0,0,2,0,1,0,0
417,2,1,1,1,1,2,1,1,0,2,4,5,4,5,6,4,7,4,5,4,0,1,1,1,0,1,1,1,1,1,1,1,1,0,2,1,1,0,0,0,2,0,1,2,0
418,2,1,1,1,1,2,1,1,0,2,4,5,4,5,6,4,7,4,5,4,0,1,1,1,0,1,1,1,1,1,1,1,1,0,2,1,1,0,0,0,2,0,1,2,2
419,2,1,1,1,1,2,1,1,0,2,4,5,4,5,6,4,7,4,5,4,0,1,1,1,0,1,1,1,1,1,1,1,1,0,2,1,1,0,0,2,2,0,1,2,2
420,2,1,1,1,1,2,1,1,0,2,4,5,4,5,6,4,7,4,5,4,4,1,1,1,4,1,1,1,1,1,1,1,1,4,2,1,1,4,4,2,2,4,1,2,2
421,1,2,0,1,3,2,2,1,1,1,4,6,7,6,2,7,3,6,4,5,0,0,0,0,0,0,0,0,0,0,0,0,0,0,0,0,0,0,0,0,0,0,0,0,0
422,1,2,0,1,3,2,2,1,1,1,4,6,7,6,2,7,3,6,4,5,0,0,0,0,0,0,0,0,0,0,1,0,0,0,0,0,0,0,0,0,0,0,0,0,0
423,1,2,0,1,3,2,2,1,1,1,4,6,7,6,2,7,3,6,4,5,0,0,0,0,0,0,0,0,0,0,1,0,0,0,0,0,0,1,0,0,0,0,0,0,0
424,1,2,0,1,3,2,2,1,1,1,4,6,7,6,2,7,3,6,4,5,0,0,0,0,1,0,0,0,0,0,1,0,0,0,0,0,0,1,0,0,0,0,0,0,0
425,1,2,0,1,3,2,2,1,1,1,4,6,7,6,2,7,3,6,4,5,0,0,0,0,1,0,0,0,0,0,1,0,0,0,0,0,0,1,0,0,0,0,1,0,0
426,1,2,0,1,3,2,2,1,1,1,4,6,7,6,2,7,3,6,4,5,0,0,0,0,1,0,0,0,0,0,1,0,0,0,0,0,0,1,0,0,0,0,1,1,0
427,1,2,0,1,3,2,2,1,1,1,4,6,7,6,2,7,3,6,4,5,0,0,0,0,1,0,0,0,0,0,1,0,0,0,0,1,0,1,0,0,0,0,1,1,0
428,1,2,0,1,3,2,2,1,1,1,4,6,7,6,2,7,3,6,4,5,0,0,0,0,1,0,0,0,0,0,1,0,0,0,0,1,1,1,0,0,0,0,1,1,0
429,1,2,0,1,3,2,2,1,1,1,4,6,7,6,2,7,3,6,4,5,0,0,1,0,1,0,0,0,0,0,1,0,0,0,0,1,1,1,0,0,0,0,1,1,0
430,1,2,0,1,3,2,2,1,1,1,4,6,7,6,2,7,3,6,4,5,1,0,1,0,1,0,0,0,0,0,1,0,0,0,0,1,1,1,0,0,0,0,1,1,0
431,1,2,0,1,3,2,2,1,1,1,4,6,7,6,2,7,3,6,4,5,1,0,1,0,1,0,0,0,0,0,1,0,0,0,0,1,1,1,0,0,1,0,1,1,0
432,1,2,0,1,3,2,2,1,1,1,4,6,7,6,2,7,3,6,4,5,1,0,1,0,1,0,1,0,0,0,1,0,0,0,0,1,1,1,0,0,1,0,1,1,0
433,1,2,0,1,3,2,2,1,1,1,4,6,7,6,2,7,3,6,4,5,1,0,1,0,1,0,1,0,1,0,1,0,0,0,0,1,1,1,0,0,1,0,1,1,0
434,1,2,0,1,3,2,2,1,1,1,4,6,7,6,2,7,3,6,4,5,1,0,1,0,1,0,1,1,1,0,1,0,0,0,0,1,1,1,0,0,1,0,1,1,0
435,1,2,0,1,3,2,2,1,1,1,4,6,7,6,2,7,3,6,4,5,1,0,1,0,1,0,1,1,1,1,1,0,0,0,0,1,1,1,0,0,1,0,1,1,0
436,1,2,0,1,3,2,2,1,1,1,4,6,7,6,2,7,3,6,4,5,1,0,1,0,1,0,1,1,1,1,1,0,0,0,2,1,1,1,0,0,1,0,1,1,0
437,1,2,0,1,3,2,2,1,1,1,4,6,7,6,2,7,3,6,4,5,1,3,1,0,1,0,1,1,1,1,1,0,0,0,2,1,1,1,0,0,1,0,1,1,0
438,1,2,0,1,3,2,2,1,1,1,4,6,7,6,2,7,3,6,4,5,1,3,1,0,1,0,1,1,1,1,1,0,3,0,2,1,1,1,0,0,1,0,1,1,0
439,1,2,0,1,3,2,2,1,1,1,4,6,7,6,2,7,3,6,4,5,1,3,1,0,1,3,1,1,1,1,1,0,3,0,2,1,1,1,0,0,1,0,1,1,0
440,1,2,0,1,3,2,2,1,1,1,4,6,7,6,2,7,3,6,4,5,1,3,1,4,1,3,1,1,1,1,1,4,3,4,2,1,1,1,4,4,1,4,1,1,4
441,2,1,2,2,1,3,2,1,1,1,6,4,4,5,6,3,4,7,6,5,0,0,0,0,0,0,0,0,0,0,0,0,0,0,0,0,0,0,0,0,0,0,0,0,0
442,2,1,2,2,1,3,2,1,1,1,6,4,4,5,6,3,4,7,6,5,0,0,0,0,0,0,0,0,0,0,1,0,0,0,0,0,0,0,0,0,0,0,0,0,0
443,2,1,2,2,1,3,2,1,1,1,6,4,4,5,6,3,4,7,6,5,0,0,0,0,0,0,0,0,1,0,1,0,0,0,0,0,0,0,0,0,0,0,0,0,0
444,2,1,2,2,1,3,2,1,1,1,6,4,4,5,6,3,4,7,6,5,0,0,0,0,0,0,0,0,1,0,1,0,0,0,0,0,0,0,0,0,0,1,0,0,0
445,2,1,2,2,1,3,2,1,1,1,6,4,4,5,6,3,4,7,6,5,0,0,0,0,0,0,0,0,1,0,1,0,0,0,0,0,1,0,0,0,0,1,0,0,0
446,2,1,2,2,1,3,2,1,1,1,6,4,4,5,6,3,4,7,6,5,0,0,0,0,0,0,0,0,1,0,1,0,0,0,0,0,1,0,0,0,0,1,1,0,0
447,2,1,2,2,1,3,2,1,1,1,6,4,4,5,6,3,4,7,6,5,0,0,0,1,0,0,0,0,1,0,1,0,0,0,0,0,1,0,0,0,0,1,1,0,0
448,2,1,2,2,1,3,2,1,1,1,6,4,4,5,6,3,4,7,6,5,0,0,0,1,0,0,0,0,1,0,1,0,0,0,0,1,1,0,0,0,0,1,1,0,0
449,2,1,2,2,1,3,2,1,1,1,6,4,4,5,6,3,4,7,6,5,0,0,0,1,0,0,1,0,1,0,1,0,0,0,0,1,1,0,0,0,0,1,1,0,0
450,2,1,2,2,1,3,2,1,1,1,6,4,4,5,6,3,4,7,6,5,0,0,0,1,0,0,1,0,1,0,1,0,0,0,0,1,1,0,0,1,0,1,1,0,0
451,2,1,2,2,1,3,2,1,1,1,6,4,4,5,6,3,4,7,6,5,0,0,0,1,0,0,1,0,1,0,1,0,0,0,1,1,1,0,0,1,0,1,1,0,0
452,2,1,2,2,1,3,2,1,1,1,6,4,4,5,6,3,4,7,6,5,0,0,0,1,0,0,1,0,1,0,1,0,2,0,1,1,1,0,0,1,0,1,1,0,0
453,2,1,2,2,1,3,2,1,1,1,6,4,4,5,6,3,4,7,6,5,0,0,2,1,0,0,1,0,1,0,1,0,2,0,1,1,1,0,0,1,0,1,1,0,0
454,2,1,2,2,1,3,2,1,1,1,6,4,4,5,6,3,4,7,6,5,0,0,2,1,0,0,1,0,1,0,1,0,2,2,1,1,1,0,0,1,0,1,1,0,0
455,2,1,2,2,1,3,2,1,1,1,6,4,4,5,6,3,4,7,6,5,0,0,2,1,0,0,1,0,1,0,1,2,2,2,1,1,1,0,0,1,0,1,1,0,0
456,2,1,2,2,1,3,2,1,1,1,6,4,4,5,6,3,4,7,6,5,0,0,2,1,0,0,1,2,1,0,1,2,2,2,1,1,1,0,0,1,0,1,1,0,0
457,2,1,2,2,1,3,2,1,1,1,6,4,4,5,6,3,4,7,6,5,0,0,2,1,0,0,1,2,1,0,1,2,2,2,1,1,1,0,0,1,0,1,1,0,2
458,2,1,2,2,1,3,2,1,1,1,6,4,4,5,6,3,4,7,6,5,0,0,2,1,0,3,1,2,1,0,1,2,2,2,1,1,1,0,0,1,0,1,1,0,2
459,2,1,2,2,1,3,2,1,1,1,6,4,4,5,6,3,4,7,6,5,4,4,2,1,4,3,1,2,1,4,1,2,2,2,1,1,1,4,4,1,4,1,1,4,2
460,3,3,0,2,2,3,2,2,2,1,3,4,8,4,4,2,5,5,5,6,0,0,0,0,0,0,0,0,0,0,0,0,0,0,0,0,0,0,0,0,0,0,0,0,0
461,3,3,0,2,2,3,2,2,2,1,3,4,8,4,4,2,5,5,5,6,0,0,0,0,0,0,0,0,0,0,1,0,0,0,0,0,0,0,0,0,0,0,0,0,0
462,3,3,0,2,2,3,2,2,2,1,3,4,8,4,4,2,5,5,5,6,0,0,0,0,0,0,0,0,0,0,1,0,1,0,0,0,0,0,0,0,0,0,0,0,0
463,3,3,0,2,2,3,2,2,2,1,3,4,8,4,4,2,5,5,5,6,0,0,0,0,0,0,0,0,0,0,1,0,1,0,0,0,0,0,0,1,0,0,0,0,0
464,3,3,0,2,2,3,2,2,2,1,3,4,8,4,4,2,5,5,5,6,0,0,0,0,0,0,0,0,0,0,1,0,1,0,0,0,1,0,0,1,0,0,0,0,0
465,3,3,0,2,2,3,2,2,2,1,3,4,8,4,4,2,5,5,5,6,0,0,0,0,0,0,0,0,0,0,1,0,1,0,0,0,1,0,0,1,0,0,0,0,1
466,3,3,0,2,2,3,2,2,2,1,3,4,8,4,4,2,5,5,5,6,0,0,0,0,0,0,0,0,0,0,1,0,1,0,0,1,1,0,0,1,0,0,0,0,1
467,3,3,0,2,2,3,2,2,2,1,3,4,8,4,4,2,5,5,5,6,0,0,1,0,0,0,0,0,0,0,1,0,1,0,0,1,1,0,0,1,0,0,0,0,1
468,3,3,0,2,2,3,2,2,2,1,3,4,8,4,4,2,5,5,5,6,0,0,1,0,2,0,0,0,0,0,1,0,1,0,0,1,1,0,0,1,0,0,0,0,1
469,3,3,0,2,2,3,2,2,2,1,3,4,8,4,4,2,5,5,5,6,0,0,1,0,2,0,0,0,0,0,1,0,1,0,2,1,1,0,0,1,0,0,0,0,1
470,3,3,0,2,2,3,2,2,2,1,3,4,8,4,4,2,5,5,5,6,0,0,1,0,2,0,0,0,0,0,1,0,1,0,2,1,1,2,0,1,0,0,0,0,1
471,3,3,0,2,2,3,2,2,2,1,3,4,8,4,4,2,5,5,5,6,0,0,1,0,2,0,0,0,0,0,1,0,1,0,2,1,1,2,0,1,0,0,2,0,1
472,3,3,0,2,2,3,2,2,2,1,3,4,8,4,4,2,5,5,5,6,0,0,1,0,2,0,0,0,0,0,1,0,1,0,2,1,1,2,0,1,2,0,2,0,1
473,3,3,0,2,2,3,2,2,2,1,3,4,8,4,4,2,5,5,5,6,0,0,1,0,2,2,0,0,0,0,1,0,1,0,2,1,1,2,0,1,2,0,2,0,1
474,3,3,0,2,2,3,2,2,2,1,3,4,8,4,4,2,5,5,5,6,0,0,1,0,2,2,0,0,0,2,1,0,1,0,2,1,1,2,0,1,2,0,2,0,1
475,3,3,0,2,2,3,2,2,2,1,3,4,8,4,4,2,5,5,5,6,0,0,1,0,2,2,0,0,2,2,1,0,1,0,2,1,1,2,0,1,2,0,2,0,1
476,3,3,0,2,2,3,2,2,2,1,3,4,8,4,4,2,5,5,5,6,4,4,1,4,2,2,4,4,2,2,1,4,1,4,2,1,1,2,4,1,2,4,2,4,1
477,2,3,2,1,2,2,5,0,0,3,7,4,5,6,4,7,0,9,7,3,0,0,0,0,0,0,0,0,0,0,0,0,0,0,0,0,0,0,0,0,0,0,0,0,0
478,2,3,2,1,2,2,5,0,0,3,7,4,5,6,4,7,0,9,7,3,0,0,0,0,0,0,0,0,0,0,1,0,0,0,0,0,0,0,0,0,0,0,0,0,0
479,2,3,2,1,2,2,5,0,0,3,7,4,5,6,4,7,0,9,7,3,0,0,0,0,0,0,0,0,0,0,1,0,1,0,0,0,0,0,0,0,0,0,0,0,0
480,2,3,2,1,2,2,5,0,0,3,7,4,5,6,4,7,0,9,7,3,0,0,0,0,0,0,0,0,0,0,1,0,1,0,0,0,1,0,0,0,0,0,0,0,0
481,2,3,2,1,2,2,5,0,0,3,7,4,5,6,4,7,0,9,7,3,0,0,1,0,0,0,0,0,0,0,1,0,1,0,0,0,1,0,0,0,0,0,0,0,0
482,2,3,2,1,2,2,5,0,0,3,7,4,5,6,4,7,0,9,7,3,0,0,1,0,0,0,0,0,1,0,1,0,1,0,0,0,1,0,0,0,0,0,0,0,0
483,2,3,2,1,2,2,5,0,0,3,7,4,5,6,4,7,0,9,7,3,0,0,1,0,0,1,0,0,1,0,1,0,1,0,0,0,1,0,0,0,0,0,0,0,0
484,2,3,2,1,2,2,5,0,0,3,7,4,5,6,4,7,0,9,7,3,0,0,1,0,0,1,0,0,1,1,1,0,1,0,0,0,1,0,0,0,0,0,0,0,0
485,2,3,2,1,2,2,5,0,0,3,7,4,5,6,4,7,0,9,7,3,0,0,1,0,0,1,0,0,1,1,1,1,1,0,0,0,1,0,0,0,0,0,0,0,0
486,2,3,2,1,2,2,5,0,0,3,7,4,5,6,4,7,0,9,7,3,0,0,1,0,0,1,1,0,1,1,1,1,1,0,0,0,1,0,0,0,0,0,0,0,0
487,2,3,2,1,2,2,5,0,0,3,7,4,5,6,4,7,0,9,7,3,0,0,1,0,0,1,1,0,1,1,1,1,1,0,0,0,1,2,0,0,0,0,0,0,0
488,2,3,2,1,2,2,5,0,0,3,7,4,5,6,4,7,0,9,7,3,0,0,1,0,0,1,1,0,1,1,1,1,1,0,0,0,1,2,3,0,0,0,0,0,0
489,2,3,2,1,2,2,5,0,0,3,7,4,5,6,4,7,0,9,7,3,0,0,1,0,3,1,1,0,1,1,1,1,1,0,0,0,1,2,3,0,0,0,0,0,0
490,2,3,2,1,2,2,5,0,0,3,7,4,5,6,4,7,0,9,7,3,0,0,1,0,3,1,1,3,1,1,1,1,1,0,0,0,1,2,3,0,0,0,0,0,0
491,2,3,2,1,2,2,5,0,0,3,7,4,5,6,4,7,0,9,7,3,0,0,1,3,3,1,1,3,1,1,1,1,1,0,0,0,1,2,3,0,0,0,0,0,0
492,2,3,2,1,2,2,5,0,0,3,7,4,5,6,4,7,0,9,7,3,3,0,1,3,3,1,1,3,1,1,1,1,1,0,0,0,1,2,3,0,0,0,0,0,0
493,2,3,2,1,2,2,5,0,0,3,7,4,5,6,4,7,0,9,7,3,3,4,1,3,3,1,1,3,1,1,1,1,1,4,4,4,1,2,3,4,4,4,4,4,4
494,2,1,2,3,2,2,0,3,3,2,8,4,6,6,5,6,10,2,4,7,0,0,0,0,0,0,0,0,0,0,0,0,0,0,0,0,0,0,0,0,0,0,0,0,0
495,2,1,2,3,2,2,0,3,3,2,8,4,6,6,5,6,10,2,4,7,0,0,0,0,0,0,0,0,1,0,0,0,0,0,0,0,0,0,0,0,0,0,0,0,0
496,2,1,2,3,2,2,0,3,3,2,8,4,6,6,5,6,10,2,4,7,0,0,0,0,1,0,0,0,1,0,0,0,0,0,0,0,0,0,0,0,0,0,0,0,0
497,2,1,2,3,2,2,0,3,3,2,8,4,6,6,5,6,10,2,4,7,0,0,0,0,1,0,0,0,1,0,0,0,0,0,0,0,0,0,0,0,0,1,0,0,0
498,2,1,2,3,2,2,0,3,3,2,8,4,6,6,5,6,10,2,4,7,0,0,0,0,1,0,0,0,1,0,0,0,0,0,1,0,0,0,0,0,0,1,0,0,0
499,2,1,2,3,2,2,0,3,3,2,8,4,6,6,5,6,10,2,4,7,0,0,0,0,1,0,0,0,1,0,0,0,0,0,1,0,0,0,0,1,0,1,0,0,0
500,2,1,2,3,2,2,0,3,3,2,8,4,6,6,5,6,10,2,4,7,0,0,0,0,1,0,0,0,1,0,0,0,0,0,1,0,0,0,0,1,0,1,0,0,1
501,2,1,2,3,2,2,0,3,3,2,8,4,6,6,5,6,10,2,4,7,0,0,0,1,1,0,0,0,1,0,0,0,0,0,1,0,0,0,0,1,0,1,0,0,1
502,2,1,2,3,2,2,0,3,3,2,8,4,6,6,5,6,10,2,4,7,0,0,0,1,1,0,0,0,1,0,0,0,2,0,1,0,0,0,0,1,0,1,0,0,1
503,2,1,2,3,2,2,0,3,3,2,8,4,6,6,5,6,10,2,4,7,0,0,0,1,1,0,0,0,1,0,0,0,2,0,1,0,0,0,0,1,2,1,0,0,1
504,2,1,2,3,2,2,0,3,3,2,8,4,6,6,5,6,10,2,4,7,0,0,0,1,1,0,0,0,1,0,0,0,2,0,1,0,3,0,0,1,2,1,0,0,1
505,2,1,2,3,2,2,0,3,3,2,8,4,6,6,5,6,10,2,4,7,0,0,0,1,1,0,0,0,1,0,0,0,2,0,1,0,3,0,0,1,2,1,3,0,1
506,2,1,2,3,2,2,0,3,3,2,8,4,6,6,5,6,10,2,4,7,0,0,0,1,1,0,0,0,1,0,0,0,2,0,1,0,3,0,0,1,2,1,3,3,1
507,2,1,2,3,2,2,0,3,3,2,8,4,6,6,5,6,10,2,4,7,0,0,0,1,1,0,0,0,1,0,0,0,2,3,1,0,3,0,0,1,2,1,3,3,1
508,2,1,2,3,2,2,0,3,3,2,8,4,6,6,5,6,10,2,4,7,3,0,0,1,1,0,0,0,1,0,0,0,2,3,1,0,3,0,0,1,2,1,3,3,1
509,2,1,2,3,2,2,0,3,3,2,8,4,6,6,5,6,10,2,4,7,3,0,0,1,1,0,0,0,1,0,0,3,2,3,1,0,3,0,0,1,2,1,3,3,1
510,2,1,2,3,2,2,0,3,3,2,8,4,6,6,5,6,10,2,4,7,3,4,4,1,1,4,4,4,1,4,4,3,2,3,1,4,3,4,4,1,2,1,3,3,1
511,3,3,2,2,0,4,0,2,3,1,4,4,5,6,9,2,10,5,4,7,0,0,0,0,0,0,0,0,0,0,0,0,0,0,0,0,0,0,0,0,0,0,0,0,0
512,3,3,2,2,0,4,0,2,3,1,4,4,5,6,9,2,10,5,4,7,0,0,0,0,0,1,0,0,0,0,0,0,0,0,0,0,0,0,0,0,0,0,0,0,0
513,3,3,2,2,0,4,0,2,3,1,4,4,5,6,9,2,10,5,4,7,0,0,0,0,0,1,0,0,0,0,0,0,0,0,0,0,0,0,0,0,0,0,1,0,0
514,3,3,2,2,0,4,0,2,3,1,4,4,5,6,9,2,10,5,4,7,0,0,0,0,0,1,0,0,0,0,0,0,0,0,0,0,0,1,0,0,0,0,1,0,0
515,3,3,2,2,0,4,0,2,3,1,4,4,5,6,9,2,10,5,4,7,0,0,0,0,0,1,1,0,0,0,0,0,0,0,0,0,0,1,0,0,0,0,1,0,0
516,3,3,2,2,0,4,0,2,3,1,4,4,5,6,9,2,10,5,4,7,0,0,0,0,0,1,1,0,0,0,0,0,0,0,0,0,0,1,0,0,1,0,1,0,0
517,3,3,2,2,0,4,0,2,3,1,4,4,5,6,9,2,10,5,4,7,0,0,0,0,0,1,1,0,0,0,0,2,0,0,0,0,0,1,0,0,1,0,1,0,0
518,3,3,2,2,0,4,0,2,3,1,4,4,5,6,9,2,10,5,4,7,0,0,0,0,0,1,1,0,0,0,0,2,0,0,0,0,2,1,0,0,1,0,1,0,0
519,3,3,2,2,0,4,0,2,3,1,4,4,5,6,9,2,10,5,4,7,0,0,0,0,0,1,1,0,0,0,0,2,0,0,0,0,2,1,0,2,1,0,1,0,0
520,3,3,2,2,0,4,0,2,3,1,4,4,5,6,9,2,10,5,4,7,0,0,0,0,0,1,1,0,0,2,0,2,0,0,0,0,2,1,0,2,1,0,1,0,0
521,3,3,2,2,0,4,0,2,3,1,4,4,5,6,9,2,10,5,4,7,0,0,0,0,0,1,1,0,0,2,0,2,0,0,0,0,2,1,0,2,1,2,1,0,0
522,3,3,2,2,0,4,0,2,3,1,4,4,5,6,9,2,10,5,4,7,0,0,0,0,0,1,1,0,0,2,0,2,0,0,0,2,2,1,0,2,1,2,1,0,0
523,3,3,2,2,0,4,0,2,3,1,4,4,5,6,9,2,10,5,4,7,0,0,0,0,0,1,1,0,0,2,0,2,0,0,2,2,2,1,0,2,1,2,1,0,0
524,3,3,2,2,0,4,0,2,3,1,4,4,5,6,9,2,10,5,4,7,0,0,0,0,0,1,1,0,0,2,0,2,0,0,2,2,2,1,0,2,1,2,1,0,3
525,3,3,2,2,0,4,0,2,3,1,4,4,5,6,9,2,10,5,4,7,0,0,3,0,0,1,1,0,0,2,0,2,0,0,2,2,2,1,0,2,1,2,1,0,3
526,3,3,2,2,0,4,0,2,3,1,4,4,5,6,9,2,10,5,4,7,0,0,3,0,0,1,1,0,0,2,0,2,0,0,2,2,2,1,0,2,1,2,1,3,3
527,3,3,2,2,0,4,0,2,3,1,4,4,5,6,9,2,10,5,4,7,4,4,3,4,4,1,1,4,4,2,4,2,4,4,2,2,2,1,4,2,1,2,1,3,3
528,2,1,4,1,2,0,1,2,5,2,5,8,1,10,5,7,10,9,0,3,0,0,0,0,0,0,0,0,0,0,0,0,0,0,0,0,0,0,0,0,0,0,0,0,0
529,2,1,4,1,2,0,1,2,5,2,5,8,1,10,5,7,10,9,0,3,0,0,0,0,0,0,0,0,0,0,0,0,0,0,0,0,0,0,0,0,1,0,0,0,0
530,2,1,4,1,2,0,1,2,5,2,5,8,1,10,5,7,10,9,0,3,0,0,0,0,0,0,0,0,0,0,0,0,1,0,0,0,0,0,0,0,1,0,0,0,0
531,2,1,4,1,2,0,1,2,5,2,5,8,1,10,5,7,10,9,0,3,0,1,0,0,0,0,0,0,0,0,0,0,1,0,0,0,0,0,0,0,1,0,0,0,0
532,2,1,4,1,2,0,1,2,5,2,5,8,1,10,5,7,10,9,0,3,1,1,0,0,0,0,0,0,0,0,0,0,1,0,0,0,0,0,0,0,1,0,0,0,0
533,2,1,4,1,2,0,1,2,5,2,5,8,1,10,5,7,10,9,0,3,1,1,0,0,0,0,0,0,0,0,0,0,1,0,0,0,0,1,0,0,1,0,0,0,0
534,2,1,4,1,2,0,1,2,5,2,5,8,1,10,5,7,10,9,0,3,1,1,0,0,0,0,0,0,0,0,0,0,1,0,0,0,0,1,0,1,1,0,0,0,0
535,2,1,4,1,2,0,1,2,5,2,5,8,1,10,5,7,10,9,0,3,1,1,0,0,0,0,0,0,0,0,0,0,1,0,1,0,0,1,0,1,1,0,0,0,0
536,2,1,4,1,2,0,1,2,5,2,5,8,1,10,5,7,10,9,0,3,1,1,0,0,0,0,0,0,0,0,0,0,1,0,1,0,1,1,0,1,1,0,0,0,0
537,2,1,4,1,2,0,1,2,5,2,5,8,1,10,5,7,10,9,0,3,1,1,0,0,0,0,0,0,0,0,0,0,1,0,1,0,1,1,0,1,1,0,0,0,3
538,2,1,4,1,2,0,1,2,5,2,5,8,1,10,5,7,10,9,0,3,1,1,0,3,0,0,0,0,0,0,0,0,1,0,1,0,1,1,0,1,1,0,0,0,3
539,2,1,4,1,2,0,1,2,5,2,5,8,1,10,5,7,10,9,0,3,1,1,3,3,0,0,0,0,0,0,0,0,1,0,1,0,1,1,0,1,1,0,0,0,3
540,2,1,4,1,2,0,1,2,5,2,5,8,1,10,5,7,10,9,0,3,1,1,3,3,0,0,0,0,0,0,0,0,1,0,1,0,1,1,0,1,1,0,0,3,3
541,2,1,4,1,2,0,1,2,5,2,5,8,1,10,5,7,10,9,0,3,1,1,3,3,0,3,0,0,0,0,0,0,1,0,1,0,1,1,0,1,1,0,0,3,3
542,2,1,4,1,2,0,1,2,5,2,5,8,1,10,5,7,10,9,0,3,1,1,3,3,0,3,0,0,0,0,0,0,1,0,1,0,1,1,0,1,1,3,0,3,3
543,2,1,4,1,2,0,1,2,5,2,5,8,1,10,5,7,10,9,0,3,1,1,3,3,0,3,0,0,0,0,0,0,1,0,1,0,1,1,3,1,1,3,0,3,3
544,2,1,4,1,2,0,1,2,5,2,5,8,1,10,5,7,10,9,0,3,1,1,3,3,4,3,4,4,4,4,4,4,1,4,1,4,1,1,3,1,1,3,4,3,3
545,1,3,2,1,3,3,2,2,3,0,8,2,3,10,6,4,3,8,3,11,0,0,0,0,0,0,0,0,0,0,0,0,0,0,0,0,0,0,0,0,0,0,0,0,0
546,1,3,2,1,3,3,2,2,3,0,8,2,3,10,6,4,3,8,3,11,0,0,0,0,0,0,0,0,0,0,0,0,0,0,0,0,0,0,0,0,1,0,0,0,0
547,1,3,2,1,3,3,2,2,3,0,8,2,3,10,6,4,3,8,3,11,0,0,0,0,0,0,0,0,0,1,0,0,0,0,0,0,0,0,0,0,1,0,0,0,0
548,1,3,2,1,3,3,2,2,3,0,8,2,3,10,6,4,3,8,3,11,0,0,0,0,0,0,0,0,0,1,0,0,0,0,0,0,0,0,0,0,1,0,1,0,0
549,1,3,2,1,3,3,2,2,3,0,8,2,3,10,6,4,3,8,3,11,0,0,0,0,0,0,0,0,0,1,0,0,0,0,0,0,0,0,0,0,1,1,1,0,0
550,1,3,2,1,3,3,2,2,3,0,8,2,3,10,6,4,3,8,3,11,0,0,0,0,0,0,0,0,0,1,0,0,0,0,1,0,0,0,0,0,1,1,1,0,0
551,1,3,2,1,3,3,2,2,3,0,8,2,3,10,6,4,3,8,3,11,0,0,0,0,0,0,0,0,0,1,0,0,0,0,1,1,0,0,0,0,1,1,1,0,0
552,1,3,2,1,3,3,2,2,3,0,8,2,3,10,6,4,3,8,3,11,1,0,0,0,0,0,0,0,0,1,0,0,0,0,1,1,0,0,0,0,1,1,1,0,0
553,1,3,2,1,3,3,2,2,3,0,8,2,3,10,6,4,3,8,3,11,1,0,0,0,0,0,0,0,0,1,2,0,0,0,1,1,0,0,0,0,1,1,1,0,0
554,1,3,2,1,3,3,2,2,3,0,8,2,3,10,6,4,3,8,3,11,1,0,0,0,0,2,0,0,0,1,2,0,0,0,1,1,0,0,0,0,1,1,1,0,0
555,1,3,2,1,3,3,2,2,3,0,8,2,3,10,6,4,3,8,3,11,1,0,0,0,0,2,0,0,0,1,2,0,0,3,1,1,0,0,0,0,1,1,1,0,0
556,1,3,2,1,3,3,2,2,3,0,8,2,3,10,6,4,3,8,3,11,1,0,0,0,0,2,0,0,0,1,2,0,0,3,1,1,0,3,0,0,1,1,1,0,0
557,1,3,2,1,3,3,2,2,3,0,8,2,3,10,6,4,3,8,3,11,1,0,0,0,0,2,3,0,0,1,2,0,0,3,1,1,0,3,0,0,1,1,1,0,0
558,1,3,2,1,3,3,2,2,3,0,8,2,3,10,6,4,3,8,3,11,1,0,3,0,0,2,3,0,0,1,2,0,0,3,1,1,0,3,0,0,1,1,1,0,0
559,1,3,2,1,3,3,2,2,3,0,8,2,3,10,6,4,3,8,3,11,1,0,3,0,0,2,3,0,0,1,2,0,0,3,1,1,3,3,0,0,1,1,1,0,0
560,1,3,2,1,3,3,2,2,3,0,8,2,3,10,6,4,3,8,3,11,1,0,3,0,0,2,3,0,0,1,2,0,0,3,1,1,3,3,3,0,1,1,1,0,0
561,1,3,2,1,3,3,2,2,3,0,8,2,3,10,6,4,3,8,3,11,1,4,3,4,4,2,3,4,4,1,2,4,4,3,1,1,3,3,3,4,1,1,1,4,4
562,2,2,2,2,2,2,1,1,4,2,3,6,6,6,6,5,5,8,2,7,0,0,0,0,0,0,0,0,0,0,0,0,0,0,0,0,0,0,0,0,0,0,0,0,0
563,2,2,2,2,2,2,1,1,4,2,3,6,6,6,6,5,5,8,2,7,0,0,0,0,0,0,0,0,0,0,0,0,0,0,0,0,0,0,0,0,1,0,0,0,0
564,2,2,2,2,2,2,1,1,4,2,3,6,6,6,6,5,5,8,2,7,0,0,0,0,0,0,0,0,0,0,0,0,0,0,0,0,0,0,0,0,1,1,0,0,0
565,2,2,2,2,2,2,1,1,4,2,3,6,6,6,6,5,5,8,2,7,0,0,0,0,0,0,0,0,0,0,0,0,0,0,0,0,0,0,0,0,1,1,1,0,0
566,2,2,2,2,2,2,1,1,4,2,3,6,6,6,6,5,5,8,2,7,1,0,0,0,0,0,0,0,0,0,0,0,0,0,0,0,0,0,0,0,1,1,1,0,0
567,2,2,2,2,2,2,1,1,4,2,3,6,6,6,6,5,5,8,2,7,1,0,1,0,0,0,0,0,0,0,0,0,0,0,0,0,0,0,0,0,1,1,1,0,0
568,2,2,2,2,2,2,1,1,4,2,3,6,6,6,6,5,5,8,2,7,1,0,1,0,0,0,0,0,0,0,0,0,0,0,0,0,2,0,0,0,1,1,1,0,0
569,2,2,2,2,2,2,1,1,4,2,3,6,6,6,6,5,5,8,2,7,1,0,1,0,0,0,0,0,0,0,0,0,0,0,0,2,2,0,0,0,1,1,1,0,0
570,2,2,2,2,2,2,1,1,4,2,3,6,6,6,6,5,5,8,2,7,1,0,1,0,0,0,0,0,0,0,0,0,0,0,0,2,2,0,0,2,1,1,1,0,0
571,2,2,2,2,2,2,1,1,4,2,3,6,6,6,6,5,5,8,2,7,1,0,1,0,0,0,0,0,0,0,0,0,0,0,0,2,2,0,0,2,1,1,1,0,2
572,2,2,2,2,2,2,1,1,4,2,3,6,6,6,6,5,5,8,2,7,1,0,1,0,0,2,0,0,0,0,0,0,0,0,0,2,2,0,0,2,1,1,1,0,2
573,2,2,2,2,2,2,1,1,4,2,3,6,6,6,6,5,5,8,2,7,1,0,1,0,0,2,2,0,0,0,0,0,0,0,0,2,2,0,0,2,1,1,1,0,2
574,2,2,2,2,2,2,1,1,4,2,3,6,6,6,6,5,5,8,2,7,1,0,1,0,0,2,2,0,0,0,0,0,0,0,0,2,2,0,2,2,1,1,1,0,2
575,2,2,2,2,2,2,1,1,4,2,3,6,6,6,6,5,5,8,2,7,1,0,1,0,0,2,2,0,2,0,0,0,0,0,0,2,2,0,2,2,1,1,1,0,2
576,2,2,2,2,2,2,1,1,4,2,3,6,6,6,6,5,5,8,2,7,1,0,1,0,3,2,2,0,2,0,0,0,0,0,0,2,2,0,2,2,1,1,1,0,2
577,2,2,2,2,2,2,1,1,4,2,3,6,6,6,6,5,5,8,2,7,1,0,1,0,3,2,2,0,2,0,0,0,0,0,3,2,2,0,2,2,1,1,1,0,2
578,2,2,2,2,2,2,1,1,4,2,3,6,6,6,6,5,5,8,2,7,1,4,1,4,3,2,2,4,2,4,4,4,4,4,3,2,2,4,2,2,1,1,1,4,2
579,3,2,0,3,2,4,1,3,1,1,6,5,9,4,5,1,8,2,8,10,0,0,0,0,0,0,0,0,0,0,0,0,0,0,0,0,0,0,0,0,0,0,0,0,0
580,3,2,0,3,2,4,1,3,1,1,6,5,9,4,5,1,8,2,8,10,0,0,0,0,0,0,0,0,1,0,0,0,0,0,0,0,0,0,0,0,0,0,0,0,0
581,3,2,0,3,2,4,1,3,1,1,6,5,9,4,5,1,8,2,8,10,0,0,0,0,0,0,0,0,1,1,0,0,0,0,0,0,0,0,0,0,0,0,0,0,0
582,3,2,0,3,2,4,1,3,1,1,6,5,9,4,5,1,8,2,8,10,0,0,0,0,1,0,0,0,1,1,0,0,0,0,0,0,0,0,0,0,0,0,0,0,0
583,3,2,0,3,2,4,1,3,1,1,6,5,9,4,5,1,8,2,8,10,0,0,0,0,1,0,0,0,1,1,0,0,0,0,0,0,0,0,0,0,0,0,0,1,0
584,3,2,0,3,2,4,1,3,1,1,6,5,9,4,5,1,8,2,8,10,0,0,0,0,1,0,1,0,1,1,0,0,0,0,0,0,0,0,0,0,0,0,0,1,0
585,3,2,0,3,2,4,1,3,1,1,6,5,9,4,5,1,8,2,8,10,0,0,0,0,1,0,1,0,1,1,0,0,0,0,0,0,0,0,0,0,0,0,0,1,1
586,3,2,0,3,2,4,1,3,1,1,6,5,9,4,5,1,8,2,8,10,0,0,0,0,1,0,1,0,1,1,0,0,0,0,1,0,0,0,0,0,0,0,0,1,1
587,3,2,0,3,2,4,1,3,1,1,6,5,9,4,5,1,8,2,8,10,0,0,0,0,1,0,1,0,1,1,0,0,1,0,1,0,0,0,0,0,0,0,0,1,1
588,3,2,0,3,2,4,1,3,1,1,6,5,9,4,5,1,8,2,8,10,0,0,0,0,1,0,1,0,1,1,3,0,1,0,1,0,0,0,0,0,0,0,0,1,1
589,3,2,0,3,2,4,1,3,1,1,6,5,9,4,5,1,8,2,8,10,0,0,0,0,1,0,1,0,1,1,3,0,1,0,1,0,0,3,0,0,0,0,0,1,1
590,3,2,0,3,2,4,1,3,1,1,6,5,9,4,5,1,8,2,8,10,0,0,0,0,1,0,1,0,1,1,3,0,1,0,1,3,0,3,0,0,0,0,0,1,1
591,3,2,0,3,2,4,1,3,1,1,6,5,9,4,5,1,8,2,8,10,0,0,0,0,1,0,1,0,1,1,3,0,1,0,1,3,0,3,0,0,0,3,0,1,1
592,3,2,0,3,2,4,1,3,1,1,6,5,9,4,5,1,8,2,8,10,0,0,0,0,1,0,1,0,1,1,3,0,1,3,1,3,0,3,0,0,0,3,0,1,1
593,3,2,0,3,2,4,1,3,1,1,6,5,9,4,5,1,8,2,8,10,0,0,0,0,1,0,1,0,1,1,3,0,1,3,1,3,0,3,0,0,0,3,3,1,1
594,3,2,0,3,2,4,1,3,1,1,6,5,9,4,5,1,8,2,8,10,0,0,0,0,1,0,1,3,1,1,3,0,1,3,1,3,0,3,0,0,0,3,3,1,1
595,3,2,0,3,2,4,1,3,1,1,6,5,9,4,5,1,8,2,8,10,4,4,4,4,1,4,1,3,1,1,3,4,1,3,1,3,4,3,4,4,4,3,3,1,1
596,2,3,3,1,1,2,4,1,2,1,8,2,3,6,9,5,3,7,6,7,0,0,0,0,0,0,0,0,0,0,0,0,0,0,0,0,0,0,0,0,0,0,0,0,0
597,2,3,3,1,1,2,4,1,2,1,8,2,3,6,9,5,3,7,6,7,0,0,0,0,0,0,0,0,0,0,0,0,0,0,0,0,1,0,0,0,0,0,0,0,0
598,2,3,3,1,1,2,4,1,2,1,8,2,3,6,9,5,3,7,6,7,0,0,0,0,0,0,1,0,0,0,0,0,0,0,0,0,1,0,0,0,0,0,0,0,0
599,2,3,3,1,1,2,4,1,2,1,8,2,3,6,9,5,3,7,6,7,0,0,0,0,0,0,1,0,0,0,0,0,0,0,0,0,1,0,1,0,0,0,0,0,0
600,2,3,3,1,1,2,4,1,2,1,8,2,3,6,9,5,3,7,6,7,0,0,0,0,0,0,1,0,0,0,0,0,0,0,1,0,1,0,1,0,0,0,0,0,0
601,2,3,3,1,1,2,4,1,2,1,8,2,3,6,9,5,3,7,6,7,0,0,0,0,0,0,1,0,0,0,0,0,1,0,1,0,1,0,1,0,0,0,0,0,0
602,2,3,3,1,1,2,4,1,2,1,8,2,3,6,9,5,3,7,6,7,0,0,0,0,0,0,1,0,1,0,0,0,1,0,1,0,1,0,1,0,0,0,0,0,0
603,2,3,3,1,1,2,4,1,2,1,8,2,3,6,9,5,3,7,6,7,0,0,0,0,0,0,1,0,1,0,2,0,1,0,1,0,1,0,1,0,0,0,0,0,0
604,2,3,3,1,1,2,4,1,2,1,8,2,3,6,9,5,3,7,6,7,0,0,2,0,0,0,1,0,1,0,2,0,1,0,1,0,1,0,1,0,0,0,0,0,0
605,2,3,3,1,1,2,4,1,2,1,8,2,3,6,9,5,3,7,6,7,0,0,2,0,0,0,1,0,1,0,2,0,1,0,1,0,1,2,1,0,0,0,0,0,0
606,2,3,3,1,1,2,4,1,2,1,8,2,3,6,9,5,3,7,6,7,0,0,2,0,2,0,1,0,1,0,2,0,1,0,1,0,1,2,1,0,0,0,0,0,0
607,2,3,3,1,1,2,4,1,2,1,8,2,3,6,9,5,3,7,6,7,0,0,2,0,2,2,1,0,1,0,2,0,1,0,1,0,1,2,1,0,0,0,0,0,0
608,2,3,3,1,1,2,4,1,2,1,8,2,3,6,9,5,3,7,6,7,0,0,2,0,2,2,1,0,1,0,2,0,1,0,1,0,1,2,1,0,0,0,0,0,3
609,2,3,3,1,1,2,4,1,2,1,8,2,3,6,9,5,3,7,6,7,0,0,2,0,2,2,1,3,1,0,2,0,1,0,1,0,1,2,1,0,0,0,0,0,3
610,2,3,3,1,1,2,4,1,2,1,8,2,3,6,9,5,3,7,6,7,0,0,2,0,2,2,1,3,1,0,2,0,1,0,1,0,1,2,1,3,0,0,0,0,3
611,2,3,3,1,1,2,4,1,2,1,8,2,3,6,9,5,3,7,6,7,0,0,2,0,2,2,1,3,1,0,2,0,1,3,1,0,1,2,1,3,0,0,0,0,3
612,2,3,3,1,1,2,4,1,2,1,8,2,3,6,9,5,3,7,6,7,4,4,2,4,2,2,1,3,1,4,2,4,1,3,1,4,1,2,1,3,4,4,4,4,3
613,2,2,2,3,1,1,1,2,4,2,3,5,7,5,9,7,4,7,2,9,0,0,0,0,0,0,0,0,0,0,0,0,0,0,0,0,0,0,0,0,0,0,0,0,0
614,2,2,2,3,1,1,1,2,4,2,3,5,7,5,9,7,4,7,2,9,0,0,0,0,0,0,0,0,0,0,0,0,0,0,0,0,0,0,0,0,1,0,0,0,0
615,2,2,2,3,1,1,1,2,4,2,3,5,7,5,9,7,4,7,2,9,1,0,0,0,0,0,0,0,0,0,0,0,0,0,0,0,0,0,0,0,1,0,0,0,0
616,2,2,2,3,1,1,1,2,4,2,3,5,7,5,9,7,4,7,2,9,1,0,0,0,0,0,0,0,0,0,0,0,0,0,0,0,0,0,0,0,1,0,1,0,0
617,2,2,2,3,1,1,1,2,4,2,3,5,7,5,9,7,4,7,2,9,1,0,0,0,0,0,0,0,0,0,0,0,0,0,0,0,0,0,0,0,1,1,1,0,0
618,2,2,2,3,1,1,1,2,4,2,3,5,7,5,9,7,4,7,2,9,1,0,0,0,0,0,0,0,0,0,0,0,0,0,0,0,0,0,0,0,1,1,1,0,1
619,2,2,2,3,1,1,1,2,4,2,3,5,7,5,9,7,4,7,2,9,1,1,0,0,0,0,0,0,0,0,0,0,0,0,0,0,0,0,0,0,1,1,1,0,1
620,2,2,2,3,1,1,1,2,4,2,3,5,7,5,9,7,4,7,2,9,1,1,1,0,0,0,0,0,0,0,0,0,0,0,0,0,0,0,0,0,1,1,1,0,1
621,2,2,2,3,1,1,1,2,4,2,3,5,7,5,9,7,4,7,2,9,1,1,1,0,0,0,0,0,0,0,0,0,0,0,0,0,0,0,2,0,1,1,1,0,1
622,2,2,2,3,1,1,1,2,4,2,3,5,7,5,9,7,4,7,2,9,1,1,1,0,0,0,0,0,0,0,0,2,0,0,0,0,0,0,2,0,1,1,1,0,1
623,2,2,2,3,1,1,1,2,4,2,3,5,7,5,9,7,4,7,2,9,1,1,1,0,0,0,3,0,0,0,0,2,0,0,0,0,0,0,2,0,1,1,1,0,1
624,2,2,2,3,1,1,1,2,4,2,3,5,7,5,9,7,4,7,2,9,1,1,1,0,0,0,3,0,0,0,0,2,0,0,0,0,0,0,2,3,1,1,1,0,1
625,2,2,2,3,1,1,1,2,4,2,3,5,7,5,9,7,4,7,2,9,1,1,1,0,0,0,3,0,0,0,0,2,0,0,0,3,0,0,2,3,1,1,1,0,1
626,2,2,2,3,1,1,1,2,4,2,3,5,7,5,9,7,4,7,2,9,1,1,1,0,0,0,3,0,0,0,0,2,0,0,3,3,0,0,2,3,1,1,1,0,1
627,2,2,2,3,1,1,1,2,4,2,3,5,7,5,9,7,4,7,2,9,1,1,1,0,3,0,3,0,0,0,0,2,0,0,3,3,0,0,2,3,1,1,1,0,1
628,2,2,2,3,1,1,1,2,4,2,3,5,7,5,9,7,4,7,2,9,1,1,1,0,3,0,3,0,0,0,0,2,0,0,3,3,3,0,2,3,1,1,1,0,1
629,2,2,2,3,1,1,1,2,4,2,3,5,7,5,9,7,4,7,2,9,1,1,1,4,3,4,3,4,4,4,4,2,4,4,3,3,3,4,2,3,1,1,1,4,1
630,1,1,1,3,4,2,1,3,3,1,12,4,6,4,3,5,10,2,4,8,0,0,0,0,0,0,0,0,0,0,0,0,0,0,0,0,0,0,0,0,0,0,0,0,0
631,1,1,1,3,4,2,1,3,3,1,12,4,6,4,3,5,10,2,4,8,0,1,0,0,0,0,0,0,0,0,0,0,0,0,0,0,0,0,0,0,0,0,0,0,0
632,1,1,1,3,4,2,1,3,3,1,12,4,6,4,3,5,10,2,4,8,0,1,0,0,0,0,0,0,1,0,0,0,0,0,0,0,0,0,0,0,0,0,0,0,0
633,1,1,1,3,4,2,1,3,3,1,12,4,6,4,3,5,10,2,4,8,0,1,0,0,0,0,0,0,1,0,0,0,0,0,0,0,0,0,0,0,0,1,0,0,0
634,1,1,1,3,4,2,1,3,3,1,12,4,6,4,3,5,10,2,4,8,0,1,0,0,0,0,0,0,1,0,0,0,1,0,0,0,0,0,0,0,0,1,0,0,0
635,1,1,1,3,4,2,1,3,3,1,12,4,6,4,3,5,10,2,4,8,0,1,0,0,0,0,0,0,1,0,0,0,1,0,0,0,1,0,0,0,0,1,0,0,0
636,1,1,1,3,4,2,1,3,3,1,12,4,6,4,3,5,10,2,4,8,0,1,0,0,1,0,0,0,1,0,0,0,1,0,0,0,1,0,0,0,0,1,0,0,0
637,1,1,1,3,4,2,1,3,3,1,12,4,6,4,3,5,10,2,4,8,0,1,0,1,1,0,0,0,1,0,0,0,1,0,0,0,1,0,0,0,0,1,0,0,0
638,1,1,1,3,4,2,1,3,3,1,12,4,6,4,3,5,10,2,4,8,0,1,0,1,1,0,0,0,1,0,0,0,1,0,0,1,1,0,0,0,0,1,0,0,0
639,1,1,1,3,4,2,1,3,3,1,12,4,6,4,3,5,10,2,4,8,0,1,0,1,1,0,0,0,1,0,0,0,1,0,0,1,1,3,0,0,0,1,0,0,0
640,1,1,1,3,4,2,1,3,3,1,12,4,6,4,3,5,10,2,4,8,0,1,0,1,1,0,0,0,1,0,0,0,1,0,0,1,1,3,0,0,0,1,3,0,0
641,1,1,1,3,4,2,1,3,3,1,12,4,6,4,3,5,10,2,4,8,0,1,0,1,1,0,0,0,1,0,0,0,1,0,0,1,1,3,0,0,3,1,3,0,0
642,1,1,1,3,4,2,1,3,3,1,12,4,6,4,3,5,10,2,4,8,0,1,0,1,1,0,0,0,1,0,0,0,1,0,0,1,1,3,0,0,3,1,3,3,0
643,1,1,1,3,4,2,1,3,3,1,12,4,6,4,3,5,10,2,4,8,3,1,0,1,1,0,0,0,1,0,0,0,1,0,0,1,1,3,0,0,3,1,3,3,0
644,1,1,1,3,4,2,1,3,3,1,12,4,6,4,3,5,10,2,4,8,3,1,0,1,1,0,0,0,1,0,0,0,1,3,0,1,1,3,0,0,3,1,3,3,0
645,1,1,1,3,4,2,1,3,3,1,12,4,6,4,3,5,10,2,4,8,3,1,0,1,1,0,0,3,1,0,0,0,1,3,0,1,1,3,0,0,3,1,3,3,0
646,1,1,1,3,4,2,1,3,3,1,12,4,6,4,3,5,10,2,4,8,3,1,4,1,1,4,4,3,1,4,4,4,1,3,4,1,1,3,4,4,3,1,3,3,4
647,2,2,2,3,1,1,2,2,3,2,7,7,6,3,6,6,6,7,4,6,0,0,0,0,0,0,0,0,0,0,0,0,0,0,0,0,0,0,0,0,0,0,0,0,0
648,2,2,2,3,1,1,2,2,3,2,7,7,6,3,6,6,6,7,4,6,0,1,0,0,0,0,0,0,0,0,0,0,0,0,0,0,0,0,0,0,0,0,0,0,0
649,2,2,2,3,1,1,2,2,3,2,7,7,6,3,6,6,6,7,4,6,0,1,1,0,0,0,0,0,0,0,0,0,0,0,0,0,0,0,0,0,0,0,0,0,0
650,2,2,2,3,1,1,2,2,3,2,7,7,6,3,6,6,6,7,4,6,0,1,1,0,0,0,0,0,0,0,0,0,0,0,0,0,0,0,1,0,0,0,0,0,0
651,2,2,2,3,1,1,2,2,3,2,7,7,6,3,6,6,6,7,4,6,0,1,1,0,0,0,0,0,0,0,0,0,0,0,0,0,0,0,1,1,0,0,0,0,0
652,2,2,2,3,1,1,2,2,3,2,7,7,6,3,6,6,6,7,4,6,0,1,1,0,0,0,0,0,0,1,0,0,0,0,0,0,0,0,1,1,0,0,0,0,0
653,2,2,2,3,1,1,2,2,3,2,7,7,6,3,6,6,6,7,4,6,0,1,1,0,0,0,0,0,0,1,0,0,0,0,0,0,0,0,1,1,0,0,0,0,1
654,2,2,2,3,1,1,2,2,3,2,7,7,6,3,6,6,6,7,4,6,0,1,1,0,0,0,0,0,0,1,0,0,0,0,0,0,0,1,1,1,0,0,0,0,1
655,2,2,2,3,1,1,2,2,3,2,7,7,6,3,6,6,6,7,4,6,0,1,1,0,0,0,0,0,0,1,0,0,0,0,0,2,0,1,1,1,0,0,0,0,1
656,2,2,2,3,1,1,2,2,3,2,7,7,6,3,6,6,6,7,4,6,0,1,1,0,0,0,0,0,0,1,0,0,0,0,0,2,0,1,1,1,0,0,0,2,1
657,2,2,2,3,1,1,2,2,3,2,7,7,6,3,6,6,6,7,4,6,0,1,1,0,0,0,0,0,0,1,0,0,0,0,3,2,0,1,1,1,0,0,0,2,1
658,2,2,2,3,1,1,2,2,3,2,7,7,6,3,6,6,6,7,4,6,0,1,1,0,0,0,3,0,0,1,0,0,0,0,3,2,0,1,1,1,0,0,0,2,1
659,2,2,2,3,1,1,2,2,3,2,7,7,6,3,6,6,6,7,4,6,0,1,1,0,0,0,3,0,0,1,0,0,0,0,3,2,0,1,1,1,0,0,3,2,1
660,2,2,2,3,1,1,2,2,3,2,7,7,6,3,6,6,6,7,4,6,0,1,1,3,0,0,3,0,0,1,0,0,0,0,3,2,0,1,1,1,0,0,3,2,1
661,2,2,2,3,1,1,2,2,3,2,7,7,6,3,6,6,6,7,4,6,3,1,1,3,0,0,3,0,0,1,0,0,0,0,3,2,0,1,1,1,0,0,3,2,1
662,2,2,2,3,1,1,2,2,3,2,7,7,6,3,6,6,6,7,4,6,3,1,1,3,0,0,3,3,0,1,0,0,0,0,3,2,0,1,1,1,0,0,3,2,1
663,2,2,2,3,1,1,2,2,3,2,7,7,6,3,6,6,6,7,4,6,3,1,1,3,4,4,3,3,4,1,4,4,4,4,3,2,4,1,1,1,4,4,3,2,1
664,3,2,3,0,2,2,1,2,3,2,4,6,4,9,4,6,6,6,4,5,0,0,0,0,0,0,0,0,0,0,0,0,0,0,0,0,0,0,0,0,0,0,0,0,0
665,3,2,3,0,2,2,1,2,3,2,4,6,4,9,4,6,6,6,4,5,0,0,0,0,0,0,0,0,0,0,0,0,0,0,0,0,0,0,0,0,0,0,1,0,0
666,3,2,3,0,2,2,1,2,3,2,4,6,4,9,4,6,6,6,4,5,0,0,0,0,0,0,1,0,0,0,0,0,0,0,0,0,0,0,0,0,0,0,1,0,0
667,3,2,3,0,2,2,1,2,3,2,4,6,4,9,4,6,6,6,4,5,0,0,0,0,0,0,1,0,0,0,0,0,0,0,0,0,0,0,1,0,0,0,1,0,0
668,3,2,3,0,2,2,1,2,3,2,4,6,4,9,4,6,6,6,4,5,0,0,0,0,0,0,1,0,0,0,0,0,0,0,0,0,0,0,1,0,0,0,1,0,1
669,3,2,3,0,2,2,1,2,3,2,4,6,4,9,4,6,6,6,4,5,0,0,0,0,0,0,1,0,0,0,0,0,0,1,0,0,0,0,1,0,0,0,1,0,1
670,3,2,3,0,2,2,1,2,3,2,4,6,4,9,4,6,6,6,4,5,0,0,0,0,0,0,1,0,0,0,0,0,0,1,0,0,0,0,1,0,0,0,1,2,1
671,3,2,3,0,2,2,1,2,3,2,4,6,4,9,4,6,6,6,4,5,0,0,0,0,0,0,1,0,0,0,0,0,0,1,0,0,2,0,1,0,0,0,1,2,1
672,3,2,3,0,2,2,1,2,3,2,4,6,4,9,4,6,6,6,4,5,0,0,0,0,0,0,1,0,0,0,0,0,0,1,2,0,2,0,1,0,0,0,1,2,1
673,3,2,3,0,2,2,1,2,3,2,4,6,4,9,4,6,6,6,4,5,0,0,0,0,0,0,1,0,0,0,0,0,0,1,2,0,2,0,1,0,0,2,1,2,1
674,3,2,3,0,2,2,1,2,3,2,4,6,4,9,4,6,6,6,4,5,0,0,0,0,0,0,1,0,0,0,2,0,0,1,2,0,2,0,1,0,0,2,1,2,1
675,3,2,3,0,2,2,1,2,3,2,4,6,4,9,4,6,6,6,4,5,0,0,0,0,0,2,1,0,0,0,2,0,0,1,2,0,2,0,1,0,0,2,1,2,1
676,3,2,3,0,2,2,1,2,3,2,4,6,4,9,4,6,6,6,4,5,0,2,0,0,0,2,1,0,0,0,2,0,0,1,2,0,2,0,1,0,0,2,1,2,1
677,3,2,3,0,2,2,1,2,3,2,4,6,4,9,4,6,6,6,4,5,0,2,0,0,0,2,1,0,0,0,2,2,0,1,2,0,2,0,1,0,0,2,1,2,1
678,3,2,3,0,2,2,1,2,3,2,4,6,4,9,4,6,6,6,4,5,0,2,3,0,0,2,1,0,0,0,2,2,0,1,2,0,2,0,1,0,0,2,1,2,1
679,3,2,3,0,2,2,1,2,3,2,4,6,4,9,4,6,6,6,4,5,0,2,3,0,0,2,1,0,0,0,2,2,3,1,2,0,2,0,1,0,0,2,1,2,1
680,3,2,3,0,2,2,1,2,3,2,4,6,4,9,4,6,6,6,4,5,4,2,3,4,4,2,1,4,4,4,2,2,3,1,2,4,2,4,1,4,4,2,1,2,1
681,4,2,2,0,2,4,1,1,1,3,1,5,6,11,6,3,10,7,6,3,0,0,0,0,0,0,0,0,0,0,0,0,0,0,0,0,0,0,0,0,0,0,0,0,0
682,4,2,2,0,2,4,1,1,1,3,1,5,6,11,6,3,10,7,6,3,0,0,0,0,0,1,0,0,0,0,0,0,0,0,0,0,0,0,0,0,0,0,0,0,0
683,4,2,2,0,2,4,1,1,1,3,1,5,6,11,6,3,10,7,6,3,0,0,0,0,0,1,0,0,1,0,0,0,0,0,0,0,0,0,0,0,0,0,0,0,0
684,4,2,2,0,2,4,1,1,1,3,1,5,6,11,6,3,10,7,6,3,0,0,0,0,0,1,0,0,1,0,0,0,0,0,0,0,1,0,0,0,0,0,0,0,0
685,4,2,2,0,2,4,1,1,1,3,1,5,6,11,6,3,10,7,6,3,0,0,0,1,0,1,0,0,1,0,0,0,0,0,0,0,1,0,0,0,0,0,0,0,0
686,4,2,2,0,2,4,1,1,1,3,1,5,6,11,6,3,10,7,6,3,0,0,0,1,0,1,0,0,1,1,0,0,0,0,0,0,1,0,0,0,0,0,0,0,0
687,4,2,2,0,2,4,1,1,1,3,1,5,6,11,6,3,10,7,6,3,0,0,0,1,0,1,0,0,1,1,0,0,0,0,0,0,1,0,0,0,1,0,0,0,0
688,4,2,2,0,2,4,1,1,1,3,1,5,6,11,6,3,10,7,6,3,0,0,0,1,0,1,0,0,1,1,0,1,0,0,0,0,1,0,0,0,1,0,0,0,0
689,4,2,2,0,2,4,1,1,1,3,1,5,6,11,6,3,10,7,6,3,0,0,0,1,0,1,0,0,1,1,0,1,0,0,0,0,1,2,0,0,1,0,0,0,0
690,4,2,2,0,2,4,1,1,1,3,1,5,6,11,6,3,10,7,6,3,0,0,0,1,2,1,0,0,1,1,0,1,0,0,0,0,1,2,0,0,1,0,0,0,0
691,4,2,2,0,2,4,1,1,1,3,1,5,6,11,6,3,10,7,6,3,0,0,0,1,2,1,3,0,1,1,0,1,0,0,0,0,1,2,0,0,1,0,0,0,0
692,4,2,2,0,2,4,1,1,1,3,1,5,6,11,6,3,10,7,6,3,0,0,0,1,2,1,3,0,1,1,0,1,0,0,0,0,1,2,0,0,1,0,0,3,0
693,4,2,2,0,2,4,1,1,1,3,1,5,6,11,6,3,10,7,6,3,0,0,0,1,2,1,3,0,1,1,0,1,0,0,0,0,1,2,3,0,1,0,0,3,0
694,4,2,2,0,2,4,1,1,1,3,1,5,6,11,6,3,10,7,6,3,0,0,0,1,2,1,3,0,1,1,3,1,0,0,0,0,1,2,3,0,1,0,0,3,0
695,4,2,2,0,2,4,1,1,1,3,1,5,6,11,6,3,10,7,6,3,0,0,0,1,2,1,3,0,1,1,3,1,0,0,0,0,1,2,3,0,1,3,0,3,0
696,4,2,2,0,2,4,1,1,1,3,1,5,6,11,6,3,10,7,6,3,0,0,0,1,2,1,3,0,1,1,3,1,0,0,0,0,1,2,3,0,1,3,3,3,0
697,4,2,2,0,2,4,1,1,1,3,1,5,6,11,6,3,10,7,6,3,4,4,4,1,2,1,3,4,1,1,3,1,4,4,4,4,1,2,3,4,1,3,3,3,4
698,2,2,3,1,2,2,1,2,3,2,8,5,3,7,5,3,8,6,6,5,0,0,0,0,0,0,0,0,0,0,0,0,0,0,0,0,0,0,0,0,0,0,0,0,0
699,2,2,3,1,2,2,1,2,3,2,8,5,3,7,5,3,8,6,6,5,0,0,0,0,0,0,0,0,0,0,0,0,0,0,0,0,0,0,0,1,0,0,0,0,0
700,2,2,3,1,2,2,1,2,3,2,8,5,3,7,5,3,8,6,6,5,0,0,0,0,0,0,0,0,0,0,0,0,0,0,0,1,0,0,0,1,0,0,0,0,0
701,2,2,3,1,2,2,1,2,3,2,8,5,3,7,5,3,8,6,6,5,0,1,0,0,0,0,0,0,0,0,0,0,0,0,0,1,0,0,0,1,0,0,0,0,0
702,2,2,3,1,2,2,1,2,3,2,8,5,3,7,5,3,8,6,6,5,0,1,0,0,0,0,0,0,0,0,0,0,0,0,0,1,0,0,1,1,0,0,0,0,0
703,2,2,3,1,2,2,1,2,3,2,8,5,3,7,5,3,8,6,6,5,0,1,0,0,0,0,0,0,0,0,0,0,0,0,0,1,0,0,1,1,0,0,0,0,1
704,2,2,3,1,2,2,1,2,3,2,8,5,3,7,5,3,8,6,6,5,0,1,0,0,0,0,0,0,0,0,0,0,0,0,0,1,0,0,1,1,0,0,0,2,1
705,2,2,3,1,2,2,1,2,3,2,8,5,3,7,5,3,8,6,6,5,0,1,0,0,0,0,0,0,0,0,0,0,0,0,0,1,2,0,1,1,0,0,0,2,1
706,2,2,3,1,2,2,1,2,3,2,8,5,3,7,5,3,8,6,6,5,0,1,0,0,0,0,0,0,0,0,0,0,0,0,2,1,2,0,1,1,0,0,0,2,1
707,2,2,3,1,2,2,1,2,3,2,8,5,3,7,5,3,8,6,6,5,0,1,0,0,0,0,0,0,0,0,0,0,0,0,2,1,2,0,1,1,0,0,2,2,1
708,2,2,3,1,2,2,1,2,3,2,8,5,3,7,5,3,8,6,6,5,0,1,0,2,0,0,0,0,0,0,0,0,0,0,2,1,2,0,1,1,0,0,2,2,1
709,2,2,3,1,2,2,1,2,3,2,8,5,3,7,5,3,8,6,6,5,0,1,2,2,0,0,0,0,0,0,0,0,0,0,2,1,2,0,1,1,0,0,2,2,1
710,2,2,3,1,2,2,1,2,3,2,8,5,3,7,5,3,8,6,6,5,0,1,2,2,0,2,0,0,0,0,0,0,0,0,2,1,2,0,1,1,0,0,2,2,1
711,2,2,3,1,2,2,1,2,3,2,8,5,3,7,5,3,8,6,6,5,0,1,2,2,0,2,0,0,0,0,0,0,0,0,2,1,2,0,1,1,3,0,2,2,1
712,2,2,3,1,2,2,1,2,3,2,8,5,3,7,5,3,8,6,6,5,0,1,2,2,0,2,0,3,0,0,0,0,0,0,2,1,2,0,1,1,3,0,2,2,1
713,2,2,3,1,2,2,1,2,3,2,8,5,3,7,5,3,8,6,6,5,0,1,2,2,0,2,0,3,0,0,0,3,0,0,2,1,2,0,1,1,3,0,2,2,1
714,2,2,3,1,2,2,1,2,3,2,8,5,3,7,5,3,8,6,6,5,4,1,2,2,4,2,4,3,4,4,4,3,4,4,2,1,2,4,1,1,3,4,2,2,1
715,2,1,3,1,3,1,3,0,2,4,7,7,4,7,3,5,4,10,7,2,0,0,0,0,0,0,0,0,0,0,0,0,0,0,0,0,0,0,0,0,0,0,0,0,0
716,2,1,3,1,3,1,3,0,2,4,7,7,4,7,3,5,4,10,7,2,0,0,0,0,0,1,0,0,0,0,0,0,0,0,0,0,0,0,0,0,0,0,0,0,0
717,2,1,3,1,3,1,3,0,2,4,7,7,4,7,3,5,4,10,7,2,0,1,0,0,0,1,0,0,0,0,0,0,0,0,0,0,0,0,0,0,0,0,0,0,0
718,2,1,3,1,3,1,3,0,2,4,7,7,4,7,3,5,4,10,7,2,0,1,0,0,0,1,0,0,0,0,0,0,0,0,0,0,0,0,0,1,0,0,0,0,0
719,2,1,3,1,3,1,3,0,2,4,7,7,4,7,3,5,4,10,7,2,0,1,0,0,0,1,0,0,0,0,0,0,0,0,0,0,0,0,1,1,0,0,0,0,0
720,2,1,3,1,3,1,3,0,2,4,7,7,4,7,3,5,4,10,7,2,0,1,0,0,0,1,0,0,0,0,0,0,0,0,0,0,0,0,1,1,1,0,0,0,0
721,2,1,3,1,3,1,3,0,2,4,7,7,4,7,3,5,4,10,7,2,0,1,0,0,0,1,0,0,2,0,0,0,0,0,0,0,0,0,1,1,1,0,0,0,0
722,2,1,3,1,3,1,3,0,2,4,7,7,4,7,3,5,4,10,7,2,0,1,0,0,0,1,0,0,2,0,0,0,0,0,2,0,0,0,1,1,1,0,0,0,0
723,2,1,3,1,3,1,3,0,2,4,7,7,4,7,3,5,4,10,7,2,0,1,0,2,0,1,0,0,2,0,0,0,0,0,2,0,0,0,1,1,1,0,0,0,0
724,2,1,3,1,3,1,3,0,2,4,7,7,4,7,3,5,4,10,7,2,0,1,0,2,2,1,0,0,2,0,0,0,0,0,2,0,0,0,1,1,1,0,0,0,0
725,2,1,3,1,3,1,3,0,2,4,7,7,4,7,3,5,4,10,7,2,0,1,0,2,2,1,0,0,2,0,2,0,0,0,2,0,0,0,1,1,1,0,0,0,0
726,2,1,3,1,3,1,3,0,2,4,7,7,4,7,3,5,4,10,7,2,0,1,0,2,2,1,0,0,2,0,2,0,2,0,2,0,0,0,1,1,1,0,0,0,0
727,2,1,3,1,3,1,3,0,2,4,7,7,4,7,3,5,4,10,7,2,0,1,0,2,2,1,2,0,2,0,2,0,2,0,2,0,0,0,1,1,1,0,0,0,0
728,2,1,3,1,3,1,3,0,2,4,7,7,4,7,3,5,4,10,7,2,0,1,0,2,2,1,2,0,2,0,2,0,2,0,2,0,0,0,1,1,1,0,0,3,0
729,2,1,3,1,3,1,3,0,2,4,7,7,4,7,3,5,4,10,7,2,0,1,0,2,2,1,2,3,2,0,2,0,2,0,2,0,0,0,1,1,1,0,0,3,0
730,2,1,3,1,3,1,3,0,2,4,7,7,4,7,3,5,4,10,7,2,0,1,3,2,2,1,2,3,2,0,2,0,2,0,2,0,0,0,1,1,1,0,0,3,0
731,2,1,3,1,3,1,3,0,2,4,7,7,4,7,3,5,4,10,7,2,4,1,3,2,2,1,2,3,2,4,2,4,2,4,2,4,4,4,1,1,1,4,4,3,4
732,2,2,1,3,2,2,2,2,0,4,6,4,8,3,6,7,5,4,9,2,0,0,0,0,0,0,0,0,0,0,0,0,0,0,0,0,0,0,0,0,0,0,0,0,0
733,2,2,1,3,2,2,2,2,0,4,6,4,8,3,6,7,5,4,9,2,0,0,0,0,0,0,0,0,0,0,0,0,0,0,0,0,0,0,0,0,0,0,0,1,0
734,2,2,1,3,2,2,2,2,0,4,6,4,8,3,6,7,5,4,9,2,0,0,0,0,1,0,0,0,0,0,0,0,0,0,0,0,0,0,0,0,0,0,0,1,0
735,2,2,1,3,2,2,2,2,0,4,6,4,8,3,6,7,5,4,9,2,0,0,0,0,1,0,0,1,0,0,0,0,0,0,0,0,0,0,0,0,0,0,0,1,0
736,2,2,1,3,2,2,2,2,0,4,6,4,8,3,6,7,5,4,9,2,0,0,0,1,1,0,0,1,0,0,0,0,0,0,0,0,0,0,0,0,0,0,0,1,0
737,2,2,1,3,2,2,2,2,0,4,6,4,8,3,6,7,5,4,9,2,0,0,0,1,1,0,0,1,1,0,0,0,0,0,0,0,0,0,0,0,0,0,0,1,0
738,2,2,1,3,2,2,2,2,0,4,6,4,8,3,6,7,5,4,9,2,0,0,0,1,1,0,0,1,1,0,0,0,0,0,0,0,0,0,0,0,0,2,0,1,0
739,2,2,1,3,2,2,2,2,0,4,6,4,8,3,6,7,5,4,9,2,0,0,0,1,1,0,0,1,1,0,0,0,0,0,0,0,0,0,0,2,0,2,0,1,0
740,2,2,1,3,2,2,2,2,0,4,6,4,8,3,6,7,5,4,9,2,0,0,0,1,1,0,0,1,1,0,0,0,0,0,0,0,0,0,0,2,0,2,2,1,0
741,2,2,1,3,2,2,2,2,0,4,6,4,8,3,6,7,5,4,9,2,0,0,0,1,1,0,0,1,1,0,2,0,0,0,0,0,0,0,0,2,0,2,2,1,0
742,2,2,1,3,2,2,2,2,0,4,6,4,8,3,6,7,5,4,9,2,0,0,0,1,1,0,0,1,1,0,2,0,2,0,0,0,0,0,0,2,0,2,2,1,0
743,2,2,1,3,2,2,2,2,0,4,6,4,8,3,6,7,5,4,9,2,0,0,0,1,1,0,0,1,1,0,2,0,2,2,0,0,0,0,0,2,0,2,2,1,0
744,2,2,1,3,2,2,2,2,0,4,6,4,8,3,6,7,5,4,9,2,0,0,0,1,1,0,0,1,1,0,2,2,2,2,0,0,0,0,0,2,0,2,2,1,0
745,2,2,1,3,2,2,2,2,0,4,6,4,8,3,6,7,5,4,9,2,0,0,0,1,1,0,2,1,1,0,2,2,2,2,0,0,0,0,0,2,0,2,2,1,0
746,2,2,1,3,2,2,2,2,0,4,6,4,8,3,6,7,5,4,9,2,0,0,0,1,1,0,2,1,1,3,2,2,2,2,0,0,0,0,0,2,0,2,2,1,0
747,2,2,1,3,2,2,2,2,0,4,6,4,8,3,6,7,5,4,9,2,3,0,0,1,1,0,2,1,1,3,2,2,2,2,0,0,0,0,0,2,0,2,2,1,0
748,2,2,1,3,2,2,2,2,0,4,6,4,8,3,6,7,5,4,9,2,3,4,4,1,1,4,2,1,1,3,2,2,2,2,4,4,4,4,4,2,4,2,2,1,4
749,2,1,4,1,2,2,1,4,1,2,7,6,1,8,7,9,8,1,6,5,0,0,0,0,0,0,0,0,0,0,0,0,0,0,0,0,0,0,0,0,0,0,0,0,0
750,2,1,4,1,2,2,1,4,1,2,7,6,1,8,7,9,8,1,6,5,0,0,0,0,0,0,0,0,0,0,1,0,0,0,0,0,0,0,0,0,0,0,0,0,0
751,2,1,4,1,2,2,1,4,1,2,7,6,1,8,7,9,8,1,6,5,0,0,0,0,0,0,0,0,0,0,1,0,0,0,0,0,0,0,0,0,0,0,0,0,1
752,2,1,4,1,2,2,1,4,1,2,7,6,1,8,7,9,8,1,6,5,0,0,0,0,0,0,0,0,0,0,1,0,0,0,0,0,0,0,0,0,0,1,0,0,1
753,2,1,4,1,2,2,1,4,1,2,7,6,1,8,7,9,8,1,6,5,0,0,0,0,0,0,0,0,0,0,1,0,0,0,0,1,0,0,0,0,0,1,0,0,1
754,2,1,4,1,2,2,1,4,1,2,7,6,1,8,7,9,8,1,6,5,0,0,0,0,0,0,0,0,0,0,1,0,0,0,1,1,0,0,0,0,0,1,0,0,1
755,2,1,4,1,2,2,1,4,1,2,7,6,1,8,7,9,8,1,6,5,0,0,0,0,0,0,0,0,1,0,1,0,0,0,1,1,0,0,0,0,0,1,0,0,1
756,2,1,4,1,2,2,1,4,1,2,7,6,1,8,7,9,8,1,6,5,0,0,0,0,0,1,0,0,1,0,1,0,0,0,1,1,0,0,0,0,0,1,0,0,1
757,2,1,4,1,2,2,1,4,1,2,7,6,1,8,7,9,8,1,6,5,0,0,0,0,0,1,0,1,1,0,1,0,0,0,1,1,0,0,0,0,0,1,0,0,1
758,2,1,4,1,2,2,1,4,1,2,7,6,1,8,7,9,8,1,6,5,0,0,0,0,0,1,0,1,1,0,1,3,0,0,1,1,0,0,0,0,0,1,0,0,1
759,2,1,4,1,2,2,1,4,1,2,7,6,1,8,7,9,8,1,6,5,0,0,0,0,0,1,0,1,1,0,1,3,0,0,1,1,0,3,0,0,0,1,0,0,1
760,2,1,4,1,2,2,1,4,1,2,7,6,1,8,7,9,8,1,6,5,0,0,0,0,0,1,0,1,1,0,1,3,0,0,1,1,0,3,3,0,0,1,0,0,1
761,2,1,4,1,2,2,1,4,1,2,7,6,1,8,7,9,8,1,6,5,0,0,0,0,0,1,0,1,1,0,1,3,0,0,1,1,0,3,3,0,0,1,0,3,1
762,2,1,4,1,2,2,1,4,1,2,7,6,1,8,7,9,8,1,6,5,0,0,0,0,0,1,0,1,1,0,1,3,0,0,1,1,0,3,3,0,3,1,0,3,1
763,2,1,4,1,2,2,1,4,1,2,7,6,1,8,7,9,8,1,6,5,0,3,0,0,0,1,0,1,1,0,1,3,0,0,1,1,0,3,3,0,3,1,0,3,1
764,2,1,4,1,2,2,1,4,1,2,7,6,1,8,7,9,8,1,6,5,3,3,0,0,0,1,0,1,1,0,1,3,0,0,1,1,0,3,3,0,3,1,0,3,1
765,2,1,4,1,2,2,1,4,1,2,7,6,1,8,7,9,8,1,6,5,3,3,4,4,4,1,4,1,1,4,1,3,4,4,1,1,4,3,3,4,3,1,4,3,1
766,1,3,2,1,3,1,3,3,1,2,10,4,5,6,4,10,2,2,8,7,0,0,0,0,0,0,0,0,0,0,0,0,0,0,0,0,0,0,0,0,0,0,0,0,0
767,1,3,2,1,3,1,3,3,1,2,10,4,5,6,4,10,2,2,8,7,0,0,0,0,0,1,0,0,0,0,0,0,0,0,0,0,0,0,0,0,0,0,0,0,0
768,1,3,2,1,3,1,3,3,1,2,10,4,5,6,4,10,2,2,8,7,0,0,0,0,0,1,0,0,0,0,0,0,0,0,0,0,0,0,0,0,0,0,1,0,0
769,1,3,2,1,3,1,3,3,1,2,10,4,5,6,4,10,2,2,8,7,0,0,0,0,0,1,0,0,0,0,0,0,0,0,0,0,0,0,1,0,0,0,1,0,0
770,1,3,2,1,3,1,3,3,1,2,10,4,5,6,4,10,2,2,8,7,0,0,0,0,1,1,0,0,0,0,0,0,0,0,0,0,0,0,1,0,0,0,1,0,0
771,1,3,2,1,3,1,3,3,1,2,10,4,5,6,4,10,2,2,8,7,0,0,0,0,1,1,0,0,0,0,0,0,0,0,0,0,1,0,1,0,0,0,1,0,0
772,1,3,2,1,3,1,3,3,1,2,10,4,5,6,4,10,2,2,8,7,0,0,0,0,1,1,0,0,1,0,0,0,0,0,0,0,1,0,1,0,0,0,1,0,0
773,1,3,2,1,3,1,3,3,1,2,10,4,5,6,4,10,2,2,8,7,0,0,0,0,1,1,0,0,1,0,0,0,0,0,0,0,1,0,1,0,1,0,1,0,0
774,1,3,2,1,3,1,3,3,1,2,10,4,5,6,4,10,2,2,8,7,0,0,0,0,1,1,0,0,1,0,0,1,0,0,0,0,1,0,1,0,1,0,1,0,0
775,1,3,2,1,3,1,3,3,1,2,10,4,5,6,4,10,2,2,8,7,0,0,0,0,1,1,0,0,1,0,0,1,0,0,0,0,1,3,1,0,1,0,1,0,0
776,1,3,2,1,3,1,3,3,1,2,10,4,5,6,4,10,2,2,8,7,0,0,0,0,1,1,0,0,1,0,0,1,3,0,0,0,1,3,1,0,1,0,1,0,0
777,1,3,2,1,3,1,3,3,1,2,10,4,5,6,4,10,2,2,8,7,0,0,0,0,1,1,0,0,1,0,0,1,3,3,0,0,1,3,1,0,1,0,1,0,0
778,1,3,2,1,3,1,3,3,1,2,10,4,5,6,4,10,2,2,8,7,0,0,0,0,1,1,0,3,1,0,0,1,3,3,0,0,1,3,1,0,1,0,1,0,0
779,1,3,2,1,3,1,3,3,1,2,10,4,5,6,4,10,2,2,8,7,0,0,0,0,1,1,0,3,1,0,3,1,3,3,0,0,1,3,1,0,1,0,1,0,0
780,1,3,2,1,3,1,3,3,1,2,10,4,5,6,4,10,2,2,8,7,3,0,0,0,1,1,0,3,1,0,3,1,3,3,0,0,1,3,1,0,1,0,1,0,0
781,1,3,2,1,3,1,3,3,1,2,10,4,5,6,4,10,2,2,8,7,3,3,0,0,1,1,0,3,1,0,3,1,3,3,0,0,1,3,1,0,1,0,1,0,0
782,1,3,2,1,3,1,3,3,1,2,10,4,5,6,4,10,2,2,8,7,3,3,4,4,1,1,4,3,1,4,3,1,3,3,4,4,1,3,1,4,1,4,1,4,4
783,3,2,2,2,1,2,1,1,3,3,4,5,5,7,8,9,6,7,4,3,0,0,0,0,0,0,0,0,0,0,0,0,0,0,0,0,0,0,0,0,0,0,0,0,0
784,3,2,2,2,1,2,1,1,3,3,4,5,5,7,8,9,6,7,4,3,0,0,0,0,0,0,0,0,0,0,0,0,0,0,0,0,0,1,0,0,0,0,0,0,0
785,3,2,2,2,1,2,1,1,3,3,4,5,5,7,8,9,6,7,4,3,0,0,0,0,0,0,0,0,0,0,0,0,0,0,0,0,0,1,0,0,0,0,0,1,0
786,3,2,2,2,1,2,1,1,3,3,4,5,5,7,8,9,6,7,4,3,0,0,0,0,0,0,0,0,1,0,0,0,0,0,0,0,0,1,0,0,0,0,0,1,0
787,3,2,2,2,1,2,1,1,3,3,4,5,5,7,8,9,6,7,4,3,0,0,0,0,0,0,1,0,1,0,0,0,0,0,0,0,0,1,0,0,0,0,0,1,0
788,3,2,2,2,1,2,1,1,3,3,4,5,5,7,8,9,6,7,4,3,0,0,0,0,1,0,1,0,1,0,0,0,0,0,0,0,0,1,0,0,0,0,0,1,0
789,3,2,2,2,1,2,1,1,3,3,4,5,5,7,8,9,6,7,4,3,0,0,0,0,1,0,1,0,1,0,0,0,0,0,0,0,0,1,0,0,0,0,1,1,0
790,3,2,2,2,1,2,1,1,3,3,4,5,5,7,8,9,6,7,4,3,0,0,0,0,1,0,1,0,1,0,0,0,0,0,0,0,0,1,0,0,0,1,1,1,0
791,3,2,2,2,1,2,1,1,3,3,4,5,5,7,8,9,6,7,4,3,0,0,0,0,1,0,1,0,1,0,0,0,0,2,0,0,0,1,0,0,0,1,1,1,0
792,3,2,2,2,1,2,1,1,3,3,4,5,5,7,8,9,6,7,4,3,0,0,2,0,1,0,1,0,1,0,0,0,0,2,0,0,0,1,0,0,0,1,1,1,0
793,3,2,2,2,1,2,1,1,3,3,4,5,5,7,8,9,6,7,4,3,0,0,2,0,1,0,1,0,1,0,0,0,0,2,0,0,0,1,0,0,0,1,1,1,3
794,3,2,2,2,1,2,1,1,3,3,4,5,5,7,8,9,6,7,4,3,0,0,2,0,1,0,1,0,1,0,0,0,3,2,0,0,0,1,0,0,0,1,1,1,3
795,3,2,2,2,1,2,1,1,3,3,4,5,5,7,8,9,6,7,4,3,0,0,2,0,1,0,1,0,1,0,0,0,3,2,0,0,0,1,3,0,0,1,1,1,3
796,3,2,2,2,1,2,1,1,3,3,4,5,5,7,8,9,6,7,4,3,0,0,2,0,1,0,1,0,1,0,0,0,3,2,0,0,0,1,3,3,0,1,1,1,3
797,3,2,2,2,1,2,1,1,3,3,4,5,5,7,8,9,6,7,4,3,0,0,2,3,1,0,1,0,1,0,0,0,3,2,0,0,0,1,3,3,0,1,1,1,3
798,3,2,2,2,1,2,1,1,3,3,4,5,5,7,8,9,6,7,4,3,0,0,2,3,1,0,1,0,1,0,3,0,3,2,0,0,0,1,3,3,0,1,1,1,3
799,3,2,2,2,1,2,1,1,3,3,4,5,5,7,8,9,6,7,4,3,4,4,2,3,1,4,1,4,1,4,3,4,3,2,4,4,4,1,3,3,4,1,1,1,3
800,2,1,1,4,2,2,3,3,2,0,6,8,5,2,6,5,3,3,5,11,0,0,0,0,0,0,0,0,0,0,0,0,0,0,0,0,0,0,0,0,0,0,0,0,0
801,2,1,1,4,2,2,3,3,2,0,6,8,5,2,6,5,3,3,5,11,0,0,0,0,0,0,0,0,0,0,0,0,1,0,0,0,0,0,0,0,0,0,0,0,0
802,2,1,1,4,2,2,3,3,2,0,6,8,5,2,6,5,3,3,5,11,0,0,0,0,0,0,0,0,1,0,0,0,1,0,0,0,0,0,0,0,0,0,0,0,0
803,2,1,1,4,2,2,3,3,2,0,6,8,5,2,6,5,3,3,5,11,0,0,0,0,0,0,0,0,1,0,0,0,1,0,0,0,0,0,0,0,0,0,1,0,0
804,2,1,1,4,2,2,3,3,2,0,6,8,5,2,6,5,3,3,5,11,0,0,1,0,0,0,0,0,1,0,0,0,1,0,0,0,0,0,0,0,0,0,1,0,0
805,2,1,1,4,2,2,3,3,2,0,6,8,5,2,6,5,3,3,5,11,0,0,1,0,0,0,0,0,1,0,0,0,1,0,0,1,0,0,0,0,0,0,1,0,0
806,2,1,1,4,2,2,3,3,2,0,6,8,5,2,6,5,3,3,5,11,0,0,1,0,0,0,0,0,1,0,0,0,1,0,0,1,0,0,0,0,0,0,1,0,2
807,2,1,1,4,2,2,3,3,2,0,6,8,5,2,6,5,3,3,5,11,2,0,1,0,0,0,0,0,1,0,0,0,1,0,0,1,0,0,0,0,0,0,1,0,2
808,2,1,1,4,2,2,3,3,2,0,6,8,5,2,6,5,3,3,5,11,2,0,1,0,0,0,0,0,1,0,0,0,1,0,0,1,2,0,0,0,0,0,1,0,2
809,2,1,1,4,2,2,3,3,2,0,6,8,5,2,6,5,3,3,5,11,2,2,1,0,0,0,0,0,1,0,0,0,1,0,0,1,2,0,0,0,0,0,1,0,2
810,2,1,1,4,2,2,3,3,2,0,6,8,5,2,6,5,3,3,5,11,2,2,1,0,0,0,0,0,1,2,0,0,1,0,0,1,2,0,0,0,0,0,1,0,2
811,2,1,1,4,2,2,3,3,2,0,6,8,5,2,6,5,3,3,5,11,2,2,1,0,0,0,0,0,1,2,0,2,1,0,0,1,2,0,0,0,0,0,1,0,2
812,2,1,1,4,2,2,3,3,2,0,6,8,5,2,6,5,3,3,5,11,2,2,1,0,0,0,0,0,1,2,0,2,1,0,0,1,2,2,0,0,0,0,1,0,2
813,2,1,1,4,2,2,3,3,2,0,6,8,5,2,6,5,3,3,5,11,2,2,1,2,0,0,0,0,1,2,0,2,1,0,0,1,2,2,0,0,0,0,1,0,2
814,2,1,1,4,2,2,3,3,2,0,6,8,5,2,6,5,3,3,5,11,2,2,1,2,0,0,0,0,1,2,0,2,1,3,0,1,2,2,0,0,0,0,1,0,2
815,2,1,1,4,2,2,3,3,2,0,6,8,5,2,6,5,3,3,5,11,2,2,1,2,0,0,0,0,1,2,0,2,1,3,3,1,2,2,0,0,0,0,1,0,2
816,2,1,1,4,2,2,3,3,2,0,6,8,5,2,6,5,3,3,5,11,2,2,1,2,4,4,4,4,1,2,4,2,1,3,3,1,2,2,4,4,4,4,1,4,2
